0.028151,0.027941,0.026175,0.026514,0.027272,0.026329,0.027724
0.028084,0.027715,0.026033,0.026363,0.027111,0.026148,0.027528
0.027948,0.027521,0.025895,0.026167,0.026959,0.025971,0.02733
0.027868,0.027322,0.02577,0.02597,0.026773,0.025786,0.027164
0.027746,0.027173,0.025619,0.025804,0.026681,0.025594,0.027035
0.027669,0.027006,0.025476,0.025695,0.026591,0.025449,0.026772
0.027611,0.026923,0.025433,0.025602,0.026456,0.025389,0.026662
0.027537,0.026786,0.025334,0.025512,0.026395,0.025316,0.02664
0.02749,0.026723,0.025253,0.025401,0.02628,0.025206,0.026554
0.027417,0.026641,0.025229,0.025394,0.026257,0.025179,0.026456
0.02736,0.026534,0.025153,0.025327,0.026188,0.025138,0.026323
0.027301,0.026378,0.025099,0.025286,0.026147,0.02509,0.02632
0.027288,0.026338,0.025081,0.025287,0.026119,0.025093,0.026277
0.027252,0.026258,0.025004,0.025281,0.026028,0.025028,0.026351
0.027187,0.026197,0.024899,0.025176,0.025884,0.024908,0.026204
0.027172,0.026151,0.02485,0.025078,0.025865,0.024851,0.026144
0.027105,0.026069,0.024695,0.024972,0.025763,0.024816,0.026031
0.02702,0.025942,0.024618,0.024869,0.0257,0.024777,0.026034
0.026971,0.025869,0.024562,0.024793,0.025584,0.024688,0.025903
0.026922,0.025814,0.024505,0.02472,0.025523,0.024586,0.025784
0.026842,0.025812,0.024483,0.024656,0.025481,0.024515,0.02572
0.026806,0.025686,0.024389,0.02454,0.025397,0.024439,0.025596
0.026743,0.025573,0.024324,0.024504,0.025338,0.024378,0.025453
0.026635,0.025527,0.024254,0.024389,0.025247,0.024286,0.025377
0.026542,0.02545,0.024141,0.024235,0.025138,0.02413,0.025258
0.026456,0.025318,0.024029,0.024107,0.025039,0.024002,0.025127
0.026405,0.025228,0.023868,0.023955,0.024746,0.023747,0.02501
0.026355,0.025095,0.023618,0.02369,0.024459,0.023323,0.024746
0.026264,0.024979,0.023459,0.023504,0.024249,0.023125,0.024543
0.026203,0.02485,0.023352,0.023365,0.024097,0.022974,0.024392
0.026127,0.024753,0.023243,0.023278,0.023976,0.022839,0.02425
0.026072,0.024616,0.023133,0.023142,0.023866,0.022737,0.024119
0.026061,0.024508,0.023048,0.023018,0.023749,0.022632,0.023992
0.025989,0.02438,0.0229,0.022923,0.023628,0.022507,0.023882
0.025939,0.024273,0.022784,0.022775,0.02352,0.022386,0.023757
0.025828,0.024143,0.022678,0.022666,0.0234,0.022241,0.023686
0.025793,0.024002,0.022562,0.022523,0.023261,0.022042,0.023459
0.025773,0.023934,0.022487,0.022427,0.023182,0.022013,0.02337
0.025699,0.023863,0.022384,0.022358,0.023102,0.021953,0.023317
0.025637,0.023765,0.022317,0.022278,0.023026,0.021876,0.023231
0.025548,0.023652,0.022228,0.022221,0.022945,0.021785,0.023088
0.025433,0.023471,0.022034,0.021981,0.022757,0.02147,0.022702
0.025319,0.023298,0.021817,0.021726,0.022494,0.021139,0.022395
0.025229,0.023153,0.021574,0.021515,0.022312,0.020924,0.022058
0.025137,0.023025,0.021463,0.021424,0.022213,0.02084,0.022051
0.025086,0.022936,0.021318,0.0213,0.022106,0.020689,0.021921
0.025005,0.022846,0.02121,0.021161,0.021983,0.02054,0.021818
0.024962,0.02275,0.021121,0.021039,0.021868,0.020425,0.021703
0.024875,0.022645,0.021037,0.020937,0.021724,0.020317,0.021573
0.024815,0.022529,0.020914,0.020793,0.021592,0.020205,0.021433
0.024727,0.022428,0.020818,0.02071,0.02149,0.020078,0.021319
0.024668,0.022286,0.020719,0.020615,0.021302,0.019944,0.021122
0.024538,0.022188,0.020592,0.020472,0.021122,0.019781,0.021065
0.024494,0.022045,0.020478,0.020355,0.020935,0.019617,0.020936
0.02439,0.021959,0.020338,0.020246,0.020839,0.01952,0.020879
0.02433,0.021875,0.020262,0.020146,0.020777,0.019466,0.020846
0.02426,0.021826,0.020179,0.020131,0.020844,0.019469,0.020938
0.024213,0.021781,0.020159,0.020092,0.020853,0.019464,0.020946
0.024174,0.021726,0.020133,0.020026,0.020712,0.019357,0.020832
0.024143,0.021647,0.020047,0.019948,0.020563,0.019247,0.020705
0.024077,0.021571,0.019941,0.019848,0.020498,0.019158,0.020635
0.024022,0.021522,0.019874,0.019749,0.020478,0.019072,0.020589
0.023962,0.021447,0.01977,0.019677,0.020368,0.019023,0.020512
0.023925,0.021374,0.019728,0.01961,0.020302,0.018951,0.020488
0.023859,0.021296,0.019641,0.01953,0.02022,0.018857,0.02041
0.023795,0.021232,0.019554,0.01948,0.020158,0.018798,0.020367
0.023762,0.021187,0.019528,0.019412,0.020151,0.018773,0.020357
0.02371,0.021119,0.01949,0.01939,0.020078,0.018717,0.020352
0.023684,0.021035,0.019424,0.019309,0.019977,0.01861,0.020297
0.023601,0.020925,0.019337,0.019214,0.019848,0.018487,0.020179
0.023591,0.020865,0.019244,0.01914,0.019792,0.018364,0.020123
0.023522,0.020746,0.019153,0.019041,0.019637,0.018362,0.019988
0.023484,0.020635,0.019056,0.018946,0.019547,0.018316,0.019902
0.023413,0.02058,0.01897,0.01886,0.019506,0.018241,0.019833
0.023381,0.020523,0.018955,0.018815,0.0194,0.018168,0.019824
0.023371,0.02055,0.018902,0.018818,0.01946,0.018234,0.019899
0.023327,0.020628,0.018948,0.018864,0.019555,0.018356,0.019938
0.023448,0.020639,0.018969,0.018856,0.019497,0.018318,0.019905
0.023509,0.020566,0.018909,0.018809,0.019432,0.018243,0.019861
0.023468,0.020555,0.018902,0.018754,0.019425,0.018216,0.019887
0.023382,0.020615,0.018931,0.018766,0.019461,0.018339,0.01995
0.02339,0.020747,0.018962,0.018827,0.019591,0.018359,0.020061
0.023352,0.020942,0.019096,0.019029,0.019735,0.01845,0.020267
0.023388,0.021131,0.019255,0.019196,0.019875,0.018654,0.020417
0.023416,0.021607,0.019395,0.019445,0.020036,0.018921,0.020639
0.023594,0.023362,0.019975,0.020818,0.020515,0.019671,0.020639
0.023774,0.025426,0.021284,0.022899,0.021638,0.021741,0.021813
0.024285,0.027299,0.02242,0.024345,0.022539,0.02358,0.022482
0.024901,0.028501,0.02335,0.025547,0.023308,0.025191,0.023757
0.025486,0.029264,0.023986,0.026359,0.023969,0.026499,0.025151
0.025833,0.02944,0.02427,0.026714,0.024473,0.026885,0.025753
0.026117,0.029489,0.02436,0.02675,0.024799,0.026939,0.026171
0.026329,0.029449,0.024387,0.026785,0.02508,0.027018,0.026439
0.026522,0.029348,0.024441,0.026771,0.025338,0.027008,0.026674
0.026432,0.02899,0.024364,0.02642,0.025331,0.026583,0.026674
0.026179,0.02833,0.024055,0.025784,0.02498,0.025846,0.026171
0.026014,0.027887,0.023738,0.025237,0.024723,0.0254,0.025627
0.026283,0.028087,0.023792,0.025408,0.024959,0.025868,0.026002
0.026573,0.028328,0.023932,0.025615,0.025352,0.026381,0.026359
0.026845,0.028497,0.024282,0.025834,0.025701,0.026763,0.026836
0.026953,0.028567,0.024606,0.025839,0.025909,0.026858,0.027094
0.027169,0.02862,0.024728,0.02594,0.026079,0.026993,0.027264
0.027279,0.028628,0.024913,0.02615,0.026271,0.027183,0.027417
0.027342,0.028544,0.025044,0.026258,0.026472,0.027371,0.02762
0.027337,0.028587,0.025376,0.026443,0.026756,0.027647,0.027921
0.027396,0.028685,0.025604,0.026608,0.026951,0.027862,0.028158
0.027444,0.028717,0.025745,0.02671,0.027109,0.027983,0.028173
0.027413,0.028704,0.025766,0.026671,0.027109,0.027721,0.028148
0.027434,0.028733,0.025824,0.026739,0.027176,0.02786,0.028201
0.027486,0.02875,0.025945,0.026853,0.027344,0.027964,0.028448
0.0275,0.028789,0.026,0.026873,0.027314,0.027923,0.028356
0.027432,0.028733,0.025963,0.026767,0.027146,0.027661,0.028035
0.027403,0.028583,0.025868,0.02662,0.02698,0.027438,0.027804
0.02738,0.028524,0.025853,0.026541,0.026906,0.027284,0.027683
0.027369,0.028549,0.025848,0.026594,0.026932,0.027311,0.027703
0.027483,0.028698,0.02597,0.0268,0.027118,0.027551,0.027925
0.027597,0.028671,0.025977,0.02682,0.027189,0.027612,0.028021
0.027699,0.028668,0.026034,0.026932,0.027322,0.027664,0.028156
0.027737,0.028582,0.026077,0.026919,0.02742,0.027657,0.028305
0.027835,0.028561,0.026154,0.026981,0.027513,0.027646,0.028377
0.02794,0.028702,0.026237,0.027115,0.027624,0.027809,0.028531
0.027872,0.028596,0.026191,0.026967,0.027414,0.027407,0.02823
0.027694,0.028328,0.026042,0.026633,0.027113,0.026984,0.027684
0.027623,0.028253,0.026013,0.026569,0.027021,0.026944,0.027708
0.027844,0.028378,0.026065,0.026734,0.027224,0.027288,0.028056
0.027989,0.02847,0.026082,0.026776,0.027271,0.027213,0.028096
0.027777,0.028285,0.026008,0.02666,0.027108,0.026903,0.027829
0.027618,0.02809,0.02598,0.026481,0.026943,0.026585,0.027562
0.027422,0.028025,0.025823,0.026301,0.026816,0.026253,0.027368
0.027255,0.027951,0.025708,0.026157,0.026712,0.026038,0.027235
0.027113,0.027633,0.025516,0.025815,0.026505,0.025683,0.027069
0.02695,0.027304,0.025276,0.025531,0.026244,0.025305,0.026738
0.026838,0.027088,0.025166,0.025324,0.026056,0.025119,0.02651
0.026747,0.026927,0.025067,0.02521,0.025915,0.025034,0.026369
0.026627,0.026851,0.024975,0.025135,0.025784,0.024968,0.026261
0.026579,0.026702,0.024882,0.024997,0.025677,0.024782,0.026087
0.026507,0.026569,0.024796,0.024841,0.025574,0.024624,0.025982
0.026462,0.026473,0.024678,0.02474,0.025505,0.024571,0.025864
0.026394,0.026335,0.02469,0.024705,0.025423,0.024475,0.025771
0.026367,0.026225,0.024613,0.024644,0.025353,0.024393,0.025635
0.026287,0.02613,0.024513,0.024534,0.025274,0.024302,0.025583
0.026278,0.026058,0.024475,0.024514,0.025221,0.024243,0.025505
0.026214,0.025894,0.02439,0.024371,0.025129,0.02411,0.025314
0.026148,0.025776,0.024281,0.024255,0.025034,0.023981,0.025163
0.026076,0.025631,0.024152,0.02405,0.024921,0.023801,0.025052
0.02603,0.025443,0.023983,0.023822,0.024747,0.023575,0.024945
0.025949,0.025269,0.023891,0.023697,0.024596,0.023421,0.024763
0.025864,0.025145,0.023791,0.023607,0.024498,0.023336,0.024684
0.025834,0.025057,0.02368,0.023493,0.024421,0.023272,0.024557
0.025797,0.025021,0.023665,0.023501,0.024375,0.02326,0.024525
0.025738,0.024978,0.023633,0.023481,0.024346,0.023233,0.024477
0.02568,0.024932,0.023568,0.023402,0.024289,0.023187,0.024399
0.025643,0.024868,0.02354,0.023364,0.024251,0.023149,0.024355
0.025579,0.024841,0.023506,0.023312,0.024217,0.023089,0.024295
0.025601,0.024792,0.023537,0.023322,0.024204,0.023048,0.024257
0.025554,0.024767,0.023496,0.023245,0.024158,0.022997,0.024187
0.025529,0.024748,0.02344,0.023214,0.024107,0.022968,0.024115
0.025499,0.024689,0.023349,0.023169,0.024047,0.022929,0.024038
0.025464,0.024633,0.023346,0.023143,0.024003,0.02286,0.023944
0.025424,0.024619,0.023237,0.023037,0.023923,0.022769,0.023873
0.025386,0.024595,0.02316,0.022946,0.023881,0.022749,0.023821
0.025329,0.024551,0.023129,0.022913,0.023842,0.022704,0.023775
0.025292,0.024483,0.023086,0.022824,0.023807,0.022643,0.0237
0.025293,0.024446,0.023023,0.022776,0.023764,0.022611,0.02369
0.0253,0.024435,0.023012,0.022773,0.023739,0.022594,0.023682
0.025263,0.024434,0.022993,0.022765,0.023723,0.022589,0.023698
0.025233,0.024399,0.022992,0.022782,0.023719,0.022575,0.023701
0.025202,0.024399,0.023008,0.022797,0.023709,0.022582,0.023685
0.025178,0.024368,0.022983,0.022787,0.023676,0.022549,0.023647
0.02515,0.024337,0.022926,0.02272,0.023622,0.022478,0.023569
0.025126,0.024294,0.022844,0.022642,0.023554,0.022408,0.023447
0.025058,0.024272,0.022812,0.022611,0.023518,0.022376,0.023382
0.025041,0.02425,0.022795,0.022596,0.023469,0.022341,0.023354
0.025005,0.024216,0.022726,0.02251,0.023434,0.022307,0.023301
0.024984,0.024188,0.022704,0.022491,0.02338,0.022268,0.023246
0.024938,0.024155,0.022626,0.022409,0.023312,0.022208,0.023206
0.024917,0.024101,0.022566,0.02232,0.02326,0.02214,0.023101
0.024853,0.024051,0.02253,0.022299,0.023231,0.022097,0.02307
0.024816,0.024015,0.022496,0.022235,0.023199,0.02206,0.022981
0.024801,0.023987,0.022476,0.022246,0.02319,0.022058,0.023002
0.024789,0.023938,0.022391,0.022197,0.023138,0.022004,0.022975
0.024754,0.023905,0.022406,0.022169,0.023112,0.021974,0.022935
0.024706,0.023828,0.022308,0.022079,0.023056,0.021867,0.022875
0.024679,0.023658,0.022212,0.021959,0.022961,0.021767,0.022742
0.024616,0.023537,0.02213,0.021847,0.022872,0.02169,0.02267
0.024579,0.023392,0.02202,0.02177,0.022781,0.021597,0.022546
0.024559,0.023307,0.021956,0.021684,0.022697,0.021507,0.022469
0.024541,0.023201,0.021882,0.021588,0.022593,0.021422,0.022351
0.024498,0.02311,0.021838,0.02151,0.022513,0.021331,0.022234
0.024453,0.023052,0.021771,0.021486,0.022473,0.021286,0.022207
0.024416,0.023032,0.021747,0.021453,0.022431,0.021251,0.022177
0.024386,0.023002,0.021695,0.021427,0.022359,0.021183,0.022111
0.024316,0.022963,0.021645,0.021374,0.022286,0.021118,0.022012
0.024277,0.022917,0.021554,0.021298,0.02226,0.021072,0.021955
0.024251,0.022872,0.021544,0.02126,0.022197,0.021038,0.021964
0.024234,0.022832,0.021484,0.021193,0.022144,0.020989,0.021879
0.024166,0.022772,0.021396,0.021131,0.022101,0.02095,0.021814
0.024134,0.022692,0.021346,0.021083,0.022053,0.02091,0.021764
0.024108,0.022634,0.021297,0.021053,0.022046,0.020874,0.021726
0.024085,0.022595,0.021288,0.021013,0.02202,0.02084,0.021713
0.024145,0.022545,0.021259,0.020991,0.021958,0.020807,0.021687
0.024181,0.02249,0.021228,0.020946,0.021906,0.020758,0.021628
0.024115,0.02241,0.021121,0.020848,0.021826,0.020672,0.021559
0.02405,0.022343,0.021088,0.020789,0.021772,0.020613,0.021508
0.023993,0.022281,0.021065,0.020746,0.021721,0.020542,0.021448
0.023947,0.022223,0.021007,0.020669,0.021672,0.020479,0.021371
0.023881,0.022148,0.020914,0.020607,0.021598,0.020406,0.02128
0.023857,0.022108,0.020844,0.020554,0.021549,0.020346,0.021211
0.023832,0.022012,0.020811,0.020506,0.021482,0.02029,0.021099
0.02386,0.02192,0.020673,0.020368,0.021373,0.020156,0.020935
0.02381,0.021862,0.020647,0.020288,0.021321,0.020092,0.020847
0.023738,0.021742,0.020538,0.020192,0.021215,0.01997,0.020672
0.023636,0.021628,0.020419,0.020071,0.021101,0.019857,0.020524
0.023582,0.021539,0.020327,0.020009,0.021035,0.019761,0.020387
0.023544,0.021442,0.020203,0.019919,0.020949,0.019653,0.020352
0.02351,0.021378,0.020125,0.019855,0.020906,0.019589,0.02033
0.023498,0.02127,0.020014,0.019769,0.02078,0.01947,0.020185
0.023523,0.021109,0.019867,0.019657,0.020647,0.01935,0.020041
0.023542,0.021,0.019784,0.019553,0.020525,0.019223,0.019896
0.023465,0.02095,0.019696,0.019474,0.020454,0.019121,0.019899
0.023431,0.020864,0.019679,0.019398,0.020378,0.019053,0.019811
0.023338,0.020784,0.019602,0.019348,0.020281,0.01901,0.019705
0.023476,0.021062,0.019718,0.019825,0.020318,0.019015,0.019992
0.027546,0.027535,0.027383,0.027369,0.025401,0.026457,0.023609
0.028542,0.029335,0.029759,0.028941,0.027916,0.028873,0.024881
0.028859,0.02991,0.030392,0.029223,0.028741,0.02921,0.025317
0.028943,0.030083,0.030525,0.029283,0.029041,0.029137,0.025662
0.029044,0.030094,0.030254,0.029246,0.029161,0.029064,0.025781
0.02906,0.030119,0.030215,0.029234,0.029245,0.028949,0.025999
0.029191,0.030178,0.030074,0.029235,0.029303,0.028935,0.026109
0.029456,0.030436,0.030564,0.029498,0.029632,0.029408,0.026302
0.029612,0.030765,0.030766,0.029885,0.029941,0.029638,0.0267
0.029888,0.030901,0.03084,0.030049,0.030088,0.029962,0.026781
0.030007,0.030922,0.031122,0.03014,0.030186,0.029963,0.026882
0.030009,0.030827,0.030944,0.030053,0.030179,0.029791,0.026956
0.030085,0.030846,0.031096,0.029948,0.030118,0.029624,0.026942
0.030169,0.031101,0.031213,0.030329,0.030394,0.030208,0.027153
0.0303,0.031395,0.031616,0.030757,0.030747,0.030612,0.027361
0.030573,0.031649,0.031908,0.031004,0.030969,0.030796,0.027524
0.030743,0.031729,0.032048,0.031179,0.031127,0.030795,0.027659
0.030852,0.031898,0.032063,0.031233,0.031231,0.031049,0.027925
0.03113,0.032137,0.032498,0.031536,0.031438,0.031319,0.028095
0.031224,0.032361,0.032242,0.031774,0.031576,0.031422,0.028323
0.031131,0.032468,0.032356,0.031958,0.031714,0.031469,0.028597
0.031182,0.032585,0.032183,0.031943,0.031845,0.031512,0.028831
0.031049,0.032737,0.032319,0.032083,0.031939,0.031657,0.028942
0.031207,0.032946,0.032622,0.032396,0.032124,0.031919,0.029077
0.031066,0.033228,0.032907,0.032626,0.032323,0.032262,0.029215
0.031398,0.033721,0.033108,0.033426,0.032663,0.032712,0.029536
0.03157,0.034185,0.033687,0.034007,0.033177,0.033233,0.030017
0.031771,0.034533,0.033951,0.034161,0.033689,0.03363,0.03085
0.031761,0.034954,0.034232,0.03446,0.034013,0.034141,0.031376
0.031878,0.035408,0.034819,0.035118,0.034441,0.03506,0.031941
0.032188,0.03563,0.035248,0.035689,0.034889,0.035311,0.03232
0.032532,0.034363,0.03646,0.036289,0.035336,0.035785,0.032337
0.032655,0.032028,0.037217,0.03639,0.035228,0.035156,0.031825
0.032736,0.031031,0.037827,0.036269,0.034919,0.034527,0.031572
0.032875,0.031412,0.03799,0.036653,0.035047,0.03494,0.031699
0.032736,0.032038,0.03845,0.037322,0.035754,0.035938,0.032144
0.032343,0.031848,0.039168,0.037654,0.035881,0.036566,0.032496
0.033268,0.032238,0.040052,0.038262,0.036254,0.036295,0.032825
0.033692,0.032397,0.040325,0.038365,0.036328,0.03657,0.033141
0.033845,0.032604,0.040181,0.038237,0.03627,0.035967,0.033056
0.033899,0.032615,0.040481,0.038797,0.036498,0.036608,0.03325
0.033601,0.03238,0.039826,0.038339,0.036251,0.036429,0.033135
0.033642,0.032487,0.04035,0.03885,0.036572,0.036939,0.033456
0.033681,0.032362,0.040093,0.038464,0.036491,0.036336,0.033487
0.033872,0.032309,0.040527,0.0389,0.036718,0.036208,0.033504
0.033864,0.032036,0.04006,0.038324,0.036345,0.03585,0.033383
0.033498,0.032286,0.039385,0.038344,0.036394,0.036675,0.033261
0.033501,0.032252,0.038777,0.038145,0.036253,0.036667,0.033138
0.033143,0.031666,0.03893,0.03825,0.036122,0.036469,0.032926
0.033144,0.031893,0.039103,0.038495,0.036326,0.03666,0.033207
0.033245,0.031795,0.038969,0.037979,0.036233,0.036577,0.033169
0.033202,0.031506,0.039317,0.037947,0.036164,0.036202,0.033169
0.033363,0.031901,0.03955,0.038555,0.036251,0.036511,0.033016
0.033061,0.032199,0.038616,0.037932,0.036299,0.036397,0.032844
0.033084,0.031894,0.039353,0.037886,0.036121,0.036442,0.03328
0.033141,0.031897,0.039428,0.038129,0.036219,0.036704,0.03346
0.032804,0.032012,0.037989,0.037808,0.036045,0.036196,0.032946
0.032637,0.031858,0.039058,0.03791,0.036177,0.036391,0.033106
0.032922,0.031918,0.039062,0.038172,0.036392,0.036491,0.033157
0.032942,0.031952,0.038546,0.037831,0.036166,0.03624,0.032949
0.032936,0.03195,0.039832,0.038188,0.036232,0.036336,0.033044
0.033495,0.032374,0.039628,0.03878,0.036684,0.036943,0.033092
0.033413,0.032086,0.039109,0.038178,0.036472,0.036612,0.032966
0.033414,0.031843,0.039573,0.038207,0.03631,0.036505,0.033
0.033193,0.032001,0.038873,0.03838,0.036404,0.036262,0.032688
0.033032,0.031748,0.038087,0.037274,0.035833,0.035837,0.032691
0.030744,0.030477,0.030489,0.030893,0.03067,0.030681,0.030222
0.029472,0.029746,0.028231,0.028943,0.029162,0.028734,0.028839
0.029122,0.029491,0.027793,0.028376,0.028687,0.028219,0.028537
0.028867,0.029194,0.027506,0.028042,0.028397,0.027841,0.028345
0.028724,0.029016,0.027408,0.027858,0.028245,0.027619,0.028025
0.028579,0.028725,0.027127,0.027551,0.028013,0.027287,0.028025
0.028444,0.0288,0.026955,0.027323,0.027781,0.027111,0.0277
0.028345,0.028651,0.026789,0.027115,0.02759,0.026927,0.027602
0.028258,0.0285,0.026661,0.026953,0.027459,0.026737,0.02738
0.028154,0.028318,0.026592,0.026812,0.027348,0.026576,0.027193
0.028043,0.028226,0.026466,0.026709,0.027225,0.026447,0.027133
0.027938,0.028117,0.026334,0.026564,0.027105,0.026288,0.027041
0.027856,0.027963,0.026218,0.026486,0.026975,0.02613,0.026872
0.027783,0.027766,0.026076,0.026288,0.026818,0.02598,0.02674
0.027653,0.027606,0.025955,0.026138,0.026706,0.02584,0.026615
0.027601,0.027458,0.025847,0.026007,0.026566,0.025728,0.026495
0.027489,0.027332,0.025748,0.025904,0.02647,0.025603,0.02636
0.027456,0.027283,0.025674,0.02583,0.0264,0.025504,0.026306
0.027382,0.027212,0.025616,0.025777,0.026325,0.025446,0.026254
0.027325,0.027097,0.025558,0.025735,0.026269,0.025409,0.026209
0.027256,0.026991,0.025518,0.025689,0.026195,0.025344,0.02613
0.027182,0.026908,0.025415,0.025577,0.026127,0.025276,0.026074
0.027104,0.026707,0.025333,0.025406,0.025989,0.025142,0.025931
0.026994,0.026473,0.025159,0.025253,0.025875,0.024999,0.02582
0.026817,0.026218,0.024968,0.025097,0.025705,0.024836,0.025692
0.026711,0.02591,0.024628,0.024774,0.025478,0.024551,0.025499
0.026564,0.025628,0.024408,0.024524,0.025239,0.024361,0.025258
0.026461,0.025459,0.024229,0.024406,0.025113,0.024202,0.025185
0.026397,0.025329,0.024097,0.024301,0.025005,0.024081,0.02508
0.026364,0.025292,0.024069,0.024316,0.024965,0.024023,0.024987
0.026256,0.025151,0.024031,0.024276,0.024915,0.023959,0.024918
0.026246,0.025076,0.023928,0.024276,0.024856,0.023917,0.024844
0.026155,0.024976,0.023865,0.024133,0.024785,0.023841,0.024788
0.026135,0.024828,0.023781,0.024126,0.024736,0.023772,0.024783
0.02602,0.024787,0.023712,0.02404,0.024647,0.023686,0.0247
0.02587,0.024731,0.023653,0.023858,0.024547,0.023562,0.024592
0.025799,0.024556,0.023425,0.023678,0.024423,0.023425,0.024451
0.025705,0.024375,0.023269,0.023535,0.024262,0.02326,0.024328
0.025661,0.024262,0.023118,0.023343,0.024084,0.023122,0.024269
0.025516,0.024064,0.022882,0.023058,0.023871,0.022913,0.024177
0.025391,0.023838,0.022748,0.022828,0.023688,0.022743,0.024068
0.025274,0.023721,0.022592,0.022666,0.023502,0.022499,0.023853
0.025158,0.023528,0.022267,0.02234,0.023076,0.022007,0.023853
0.025053,0.023341,0.022085,0.022162,0.022869,0.021765,0.023431
0.024969,0.023296,0.022008,0.022073,0.02274,0.021638,0.023253
0.024883,0.023223,0.021916,0.021985,0.022626,0.021548,0.023094
0.024744,0.023127,0.021822,0.021901,0.022539,0.021464,0.022934
0.024719,0.023068,0.021746,0.021828,0.022456,0.021362,0.022903
0.024609,0.023017,0.021664,0.021778,0.022381,0.021278,0.022802
0.024604,0.022929,0.021638,0.021691,0.022299,0.021201,0.022734
0.024482,0.02285,0.021549,0.021597,0.022222,0.021146,0.022661
0.024468,0.022784,0.021482,0.021559,0.022152,0.021082,0.022563
0.024316,0.022687,0.021413,0.021477,0.02206,0.020994,0.022491
0.024308,0.022636,0.021364,0.021423,0.021982,0.020925,0.022418
0.024201,0.02259,0.021268,0.021354,0.021928,0.020859,0.022418
0.024158,0.0225,0.021208,0.02129,0.021857,0.02076,0.022295
0.024068,0.022395,0.02111,0.021223,0.021771,0.020673,0.022195
0.024161,0.022385,0.021072,0.021153,0.02173,0.020654,0.022146
0.024277,0.022323,0.02101,0.021076,0.02166,0.020565,0.022076
0.02411,0.022229,0.020951,0.020987,0.021569,0.020463,0.022013
0.023961,0.02213,0.020859,0.020896,0.021464,0.020337,0.021908
0.023826,0.02198,0.020742,0.020782,0.021367,0.020212,0.021761
0.02372,0.021874,0.020645,0.020704,0.021269,0.020068,0.021761
0.023873,0.021759,0.020538,0.020603,0.021181,0.020014,0.021614
0.023813,0.021712,0.020425,0.02054,0.021112,0.019957,0.021614
0.023668,0.02166,0.020389,0.020433,0.021031,0.01984,0.021454
0.023543,0.021558,0.020291,0.020354,0.020939,0.019743,0.021454
0.02351,0.0215,0.020261,0.020292,0.020879,0.01967,0.021282
0.023596,0.021373,0.020144,0.020231,0.020919,0.019736,0.02126
0.023487,0.021384,0.020126,0.02022,0.020963,0.019786,0.021282
0.023389,0.02137,0.02009,0.020205,0.020929,0.01975,0.021261
0.023327,0.021344,0.020078,0.020192,0.020906,0.019712,0.021231
0.02329,0.021289,0.020033,0.020164,0.020848,0.019667,0.021203
0.023249,0.02123,0.019982,0.020129,0.020771,0.019614,0.021203
0.023252,0.0212,0.019941,0.020094,0.020742,0.01957,0.021141
0.023376,0.021205,0.01992,0.02005,0.020735,0.019554,0.02111
0.023351,0.02121,0.019907,0.02004,0.020739,0.019554,0.021094
0.023433,0.021629,0.020166,0.020616,0.020814,0.019742,0.022244
0.027719,0.028113,0.028043,0.029193,0.026004,0.027798,0.025282
0.029145,0.030601,0.03075,0.031554,0.028843,0.030626,0.02649
0.029581,0.032471,0.031743,0.032871,0.03071,0.03154,0.027706
0.030031,0.033734,0.032823,0.033756,0.031609,0.032278,0.028521
0.030486,0.034807,0.033474,0.034787,0.032075,0.03304,0.02945
0.031061,0.035787,0.034119,0.035601,0.032654,0.033783,0.030439
0.031567,0.036657,0.034907,0.036393,0.03328,0.034598,0.031104
0.032066,0.037466,0.036035,0.037031,0.033921,0.035327,0.031904
0.032412,0.038316,0.036592,0.037685,0.034493,0.036027,0.032408
0.032687,0.038991,0.037168,0.038471,0.035163,0.036845,0.033145
0.032798,0.03953,0.037495,0.039025,0.035632,0.037416,0.033676
0.032653,0.038481,0.038489,0.039445,0.036003,0.037837,0.033833
0.032603,0.034698,0.039047,0.038576,0.036329,0.03717,0.03394
0.032686,0.033429,0.039302,0.03797,0.036088,0.037242,0.033676
0.032804,0.033302,0.039594,0.037935,0.036098,0.037686,0.034228
0.033064,0.033339,0.040055,0.038388,0.036298,0.038389,0.0349
0.03342,0.033327,0.040566,0.038985,0.036529,0.039044,0.035309
0.033898,0.033464,0.040741,0.039068,0.036622,0.039402,0.03562
0.033874,0.033212,0.038934,0.037423,0.035942,0.038754,0.035555
0.033636,0.032899,0.03734,0.036157,0.035381,0.038373,0.035168
0.033055,0.032535,0.035772,0.035158,0.034716,0.03803,0.034867
0.032327,0.032117,0.034469,0.034129,0.033994,0.037465,0.03457
0.031791,0.031832,0.033529,0.033316,0.033407,0.036803,0.034345
0.031436,0.03178,0.032836,0.032698,0.032975,0.036779,0.034308
0.031147,0.031849,0.032145,0.032096,0.032656,0.036306,0.034251
0.03096,0.031783,0.031607,0.031669,0.032414,0.036169,0.034159
0.03095,0.031783,0.031504,0.031548,0.032412,0.036198,0.034162
0.031326,0.032177,0.032725,0.032316,0.033025,0.03701,0.034492
0.031575,0.032219,0.033009,0.032477,0.033296,0.037298,0.034715
0.031409,0.031902,0.032562,0.032211,0.033076,0.037023,0.034825
0.031572,0.032254,0.033331,0.03284,0.033398,0.037744,0.035125
0.031894,0.032592,0.033485,0.032864,0.033746,0.037784,0.035388
0.031766,0.032532,0.032983,0.032552,0.033391,0.037453,0.035399
0.03183,0.032591,0.033165,0.032991,0.033511,0.037624,0.035425
0.032035,0.032823,0.033989,0.033503,0.033813,0.037832,0.035618
0.031942,0.032703,0.033422,0.033009,0.033559,0.037366,0.035486
0.031817,0.032496,0.032958,0.032612,0.033388,0.037164,0.035207
0.031918,0.03278,0.03367,0.033446,0.033624,0.037229,0.035223
0.032098,0.032824,0.033719,0.033359,0.033689,0.037257,0.035266
0.031898,0.032432,0.033124,0.032817,0.033302,0.036727,0.035068
0.031904,0.03231,0.03307,0.032811,0.033295,0.036767,0.034875
0.032357,0.03259,0.033808,0.033494,0.033708,0.036945,0.035008
0.032234,0.032544,0.033493,0.033185,0.033605,0.036865,0.034695
0.031745,0.032527,0.032923,0.032779,0.033334,0.036542,0.034355
0.031518,0.032547,0.033343,0.033099,0.033512,0.036561,0.034523
0.031457,0.032663,0.033826,0.033404,0.033786,0.0366,0.034584
0.031312,0.032456,0.033176,0.0329,0.033392,0.036071,0.034584
0.031131,0.032293,0.032743,0.032542,0.033104,0.035572,0.034173
0.031098,0.032716,0.03347,0.033243,0.033486,0.035558,0.033893
0.031158,0.032831,0.033834,0.033305,0.033843,0.035477,0.034023
0.031098,0.032678,0.033465,0.033041,0.03357,0.035056,0.033734
0.031013,0.032308,0.032889,0.032659,0.033208,0.034613,0.033613
0.030937,0.032152,0.03303,0.03274,0.033241,0.034295,0.03352
0.030978,0.03226,0.03373,0.032998,0.033456,0.033995,0.033371
0.030839,0.032201,0.033374,0.032638,0.033148,0.033432,0.033043
0.030614,0.032161,0.03283,0.032259,0.032793,0.032941,0.032726
0.030522,0.032167,0.032552,0.032155,0.032765,0.032877,0.032607
0.030371,0.031911,0.032351,0.03167,0.032217,0.032329,0.031954
0.029977,0.03189,0.032661,0.031417,0.031617,0.032196,0.031648
0.029581,0.032019,0.032114,0.031036,0.031751,0.031372,0.031435
0.029389,0.031275,0.029872,0.030087,0.03064,0.030076,0.030885
0.029198,0.03078,0.028923,0.029501,0.029796,0.029935,0.030537
0.0291,0.030601,0.028698,0.029157,0.029541,0.029363,0.030669
0.028915,0.030656,0.028382,0.028957,0.029494,0.029187,0.030441
0.028769,0.0305,0.028287,0.028884,0.029157,0.029003,0.03022
0.028631,0.030368,0.028105,0.028704,0.028869,0.028658,0.029846
0.028529,0.030221,0.028037,0.02858,0.028889,0.028711,0.029082
0.028587,0.030136,0.02789,0.028519,0.028831,0.028611,0.029262
0.028675,0.030091,0.02773,0.028322,0.028733,0.028522,0.02924
0.028682,0.030022,0.027877,0.028217,0.02866,0.028382,0.02905
0.028674,0.029781,0.027768,0.028023,0.028564,0.028225,0.028889
0.028585,0.029647,0.027661,0.027875,0.028428,0.028128,0.028664
0.028457,0.029538,0.027536,0.027728,0.028347,0.028008,0.028523
0.028386,0.029413,0.027455,0.027645,0.028232,0.027846,0.028379
0.02834,0.029245,0.027365,0.027576,0.028135,0.02775,0.0283
0.028264,0.02917,0.027301,0.027515,0.028067,0.027656,0.028197
0.02818,0.029149,0.027202,0.027491,0.027978,0.027515,0.028072
0.028106,0.028983,0.027098,0.027382,0.027885,0.027358,0.027966
0.027976,0.028892,0.027028,0.027267,0.027797,0.027249,0.027859
0.027954,0.028725,0.026942,0.027177,0.02771,0.027181,0.027806
0.027903,0.028502,0.026734,0.027055,0.027614,0.027082,0.027738
0.027819,0.028402,0.026539,0.026865,0.027465,0.026974,0.027616
0.027754,0.028271,0.02638,0.026726,0.027357,0.026842,0.027494
0.027655,0.028143,0.026242,0.026593,0.027277,0.026702,0.027374
0.027581,0.027997,0.026146,0.026468,0.027197,0.026589,0.027307
0.027514,0.027899,0.026043,0.026389,0.027111,0.026505,0.02722
0.02745,0.027815,0.025936,0.02624,0.027006,0.026357,0.02711
0.027397,0.027672,0.025819,0.026134,0.026892,0.026221,0.027011
0.027343,0.027511,0.025735,0.02603,0.026783,0.026092,0.026897
0.027279,0.027391,0.025629,0.025909,0.026705,0.025962,0.026799
0.027209,0.027309,0.025508,0.025814,0.026607,0.025872,0.026742
0.027175,0.027221,0.025412,0.025706,0.026508,0.025743,0.026662
0.027119,0.027112,0.025346,0.025616,0.026428,0.025655,0.026525
0.02707,0.026799,0.025257,0.025516,0.026327,0.025543,0.026447
0.026993,0.026597,0.025146,0.025434,0.026219,0.025466,0.026341
0.026948,0.026471,0.025038,0.025334,0.026141,0.025377,0.02626
0.026875,0.026335,0.024936,0.025208,0.026028,0.025231,0.026155
0.026828,0.026213,0.024875,0.025099,0.025956,0.025157,0.026077
0.026771,0.026138,0.024776,0.02499,0.025866,0.025094,0.026016
0.026743,0.026089,0.024729,0.024916,0.025789,0.024996,0.02595
0.026717,0.026034,0.02469,0.024929,0.025754,0.02493,0.025905
0.026685,0.026008,0.024657,0.024878,0.025703,0.024875,0.025845
0.026665,0.025967,0.02461,0.024817,0.025664,0.024809,0.025794
0.026629,0.025917,0.024577,0.024791,0.025616,0.024753,0.025744
0.026596,0.025866,0.024537,0.024755,0.025587,0.024701,0.025704
0.026532,0.025807,0.02448,0.02469,0.025513,0.02465,0.025638
0.026504,0.025761,0.024422,0.024611,0.025455,0.024577,0.025571
0.026449,0.025671,0.024355,0.024539,0.025384,0.024505,0.025513
0.026428,0.025665,0.024321,0.024523,0.025306,0.024477,0.025477
0.026382,0.025537,0.024257,0.0244,0.025262,0.024389,0.025427
0.026361,0.025424,0.024101,0.024231,0.025061,0.024133,0.025334
0.026279,0.025295,0.023767,0.024038,0.024674,0.023681,0.025032
0.026181,0.025125,0.023557,0.023849,0.024436,0.023407,0.024795
0.026069,0.024979,0.023392,0.023707,0.024278,0.023211,0.02466
0.025937,0.024882,0.023279,0.023613,0.024143,0.023047,0.024504
0.02585,0.024749,0.023161,0.023511,0.024037,0.022954,0.024388
0.025746,0.024636,0.023024,0.023387,0.023896,0.022844,0.024257
0.025634,0.024536,0.022923,0.02328,0.023784,0.0227,0.024133
0.025533,0.024421,0.022812,0.023181,0.023675,0.022597,0.024027
0.025423,0.024264,0.022668,0.023028,0.023532,0.022465,0.023941
0.02535,0.024125,0.022552,0.022858,0.023387,0.022319,0.023794
0.025285,0.024,0.022449,0.022743,0.023273,0.022211,0.023794
0.025199,0.023969,0.02241,0.022715,0.023238,0.022168,0.023659
0.025102,0.023931,0.022367,0.022684,0.02319,0.022105,0.023582
0.025015,0.023839,0.022287,0.022625,0.023124,0.022014,0.023479
0.024957,0.023782,0.022222,0.022539,0.023038,0.021942,0.023401
0.0249,0.023666,0.022152,0.022444,0.022974,0.021865,0.023335
0.024808,0.023577,0.022083,0.02238,0.022891,0.021793,0.023263
0.024782,0.023509,0.02201,0.022322,0.022822,0.02171,0.023198
0.024721,0.02344,0.021937,0.022246,0.022743,0.021651,0.023129
0.024645,0.02336,0.021848,0.022151,0.022662,0.021588,0.023043
0.024602,0.023271,0.021774,0.022075,0.022593,0.0215,0.022952
0.024572,0.02323,0.021756,0.022011,0.022557,0.021451,0.022891
0.024545,0.023191,0.021728,0.021967,0.022521,0.021406,0.022875
0.024476,0.023217,0.021777,0.021923,0.022531,0.021355,0.022827
0.024445,0.023237,0.021787,0.021938,0.02254,0.02138,0.022813
0.024436,0.023262,0.021779,0.021958,0.022543,0.021401,0.022813
0.024436,0.023281,0.021758,0.021959,0.022528,0.021407,0.022814
0.024458,0.023297,0.021748,0.021948,0.022541,0.02143,0.0228
0.024465,0.0233,0.021747,0.021939,0.022539,0.021421,0.022793
0.024464,0.023295,0.021743,0.021937,0.02252,0.021407,0.022793
0.02448,0.023285,0.021736,0.021937,0.022507,0.0214,0.022776
0.024475,0.023297,0.021719,0.021929,0.022488,0.021396,0.022764
0.024811,0.023841,0.021939,0.022736,0.022623,0.021933,0.023289
0.028896,0.030713,0.030388,0.03177,0.028052,0.03048,0.02708
0.030611,0.033847,0.033227,0.034265,0.031147,0.033216,0.028558
0.031335,0.035746,0.033958,0.035982,0.032424,0.034481,0.02963
0.031848,0.037095,0.035259,0.037155,0.033425,0.035209,0.030693
0.032567,0.038269,0.036503,0.038142,0.034248,0.036207,0.03194
0.033318,0.039395,0.037921,0.039066,0.035062,0.037092,0.032705
0.033582,0.040365,0.038234,0.039936,0.035966,0.037977,0.033654
0.033337,0.040981,0.038007,0.040673,0.036537,0.038644,0.034162
0.033399,0.038573,0.03961,0.041073,0.037162,0.038916,0.034511
0.033643,0.035338,0.040671,0.040627,0.03739,0.038648,0.034626
0.033978,0.03482,0.041475,0.040391,0.037867,0.039022,0.034973
0.034192,0.034316,0.042005,0.040374,0.037867,0.039097,0.035199
0.034322,0.033746,0.041344,0.039474,0.037404,0.03867,0.034928
0.034223,0.033757,0.041533,0.039876,0.037396,0.038892,0.035115
0.034411,0.033896,0.041516,0.039618,0.037498,0.039065,0.035239
0.03403,0.034263,0.041545,0.039767,0.037847,0.039711,0.035705
0.03295,0.034528,0.041858,0.040288,0.038024,0.040394,0.036157
0.032257,0.034644,0.042048,0.040306,0.038367,0.041034,0.036798
0.031897,0.034748,0.042285,0.040545,0.03869,0.04144,0.037266
0.03174,0.034805,0.042646,0.040944,0.038886,0.04167,0.037518
0.031638,0.034694,0.042424,0.040854,0.038936,0.041873,0.037555
0.031812,0.034815,0.042565,0.040886,0.038909,0.042127,0.03774
0.031769,0.034919,0.042785,0.041584,0.039021,0.042324,0.038156
0.031743,0.034857,0.042882,0.041422,0.038957,0.041878,0.038104
0.03154,0.034919,0.042755,0.041202,0.038894,0.041055,0.037343
0.031235,0.034555,0.042893,0.04089,0.038823,0.039967,0.03697
0.030797,0.03396,0.042615,0.040341,0.038474,0.039402,0.036256
0.030524,0.033549,0.042256,0.039876,0.038278,0.038842,0.03557
0.030188,0.033255,0.042144,0.039939,0.037882,0.038502,0.035033
0.030052,0.03302,0.041944,0.039897,0.037808,0.038022,0.034769
0.030014,0.032803,0.041663,0.039471,0.037431,0.037832,0.034599
0.029876,0.032734,0.041683,0.039639,0.037426,0.03793,0.034485
0.029391,0.032963,0.041655,0.03947,0.037352,0.037848,0.033981
0.029803,0.032767,0.041838,0.03948,0.037878,0.03805,0.03456
0.030164,0.032822,0.041882,0.039722,0.038171,0.038134,0.034991
0.030742,0.032933,0.042048,0.039868,0.03825,0.038304,0.035272
0.031516,0.032993,0.042205,0.039767,0.038187,0.038297,0.035497
0.031992,0.033037,0.042442,0.040111,0.038614,0.03848,0.035606
0.032129,0.033199,0.042403,0.040033,0.038231,0.038123,0.035388
0.031809,0.033335,0.042271,0.039718,0.038153,0.037804,0.035248
0.031273,0.033427,0.042201,0.039859,0.037974,0.037809,0.035049
0.030947,0.033212,0.042112,0.039681,0.037866,0.037837,0.035065
0.030757,0.032864,0.041983,0.039528,0.037785,0.037468,0.034919
0.0308,0.03279,0.042045,0.039742,0.037748,0.037449,0.034852
0.030797,0.032988,0.042178,0.039301,0.037874,0.037378,0.034618
0.031212,0.033251,0.041927,0.038952,0.037666,0.037143,0.034548
0.031654,0.033359,0.042124,0.039268,0.037333,0.037385,0.034631
0.031786,0.033343,0.042135,0.03939,0.037611,0.037454,0.034761
0.031852,0.033429,0.041992,0.039087,0.037494,0.037397,0.034567
0.031301,0.033352,0.042095,0.039345,0.037168,0.037267,0.035104
0.030688,0.033281,0.042037,0.03921,0.037041,0.037414,0.035039
0.03058,0.033392,0.042208,0.039316,0.037259,0.037603,0.034646
0.030766,0.033532,0.04259,0.039667,0.037865,0.038024,0.034702
0.030909,0.033936,0.042642,0.039832,0.038034,0.038177,0.035004
0.031154,0.034115,0.042819,0.039984,0.038245,0.038477,0.035654
0.030968,0.034355,0.043034,0.040126,0.038539,0.038723,0.036049
0.030468,0.034321,0.042914,0.039967,0.038577,0.038676,0.035921
0.030549,0.034264,0.042926,0.039877,0.038452,0.038726,0.035833
0.030373,0.034159,0.042694,0.040033,0.038345,0.038783,0.035483
0.030291,0.034413,0.042537,0.039904,0.038155,0.03856,0.035244
0.030533,0.034292,0.04243,0.039772,0.038098,0.038388,0.035235
0.030921,0.034005,0.042615,0.039787,0.038254,0.038273,0.035416
0.030919,0.034017,0.042708,0.039955,0.038175,0.038447,0.035328
0.030902,0.033827,0.042311,0.039684,0.038132,0.03814,0.035327
0.030737,0.033517,0.042144,0.03944,0.037817,0.037658,0.034862
0.03081,0.033215,0.041549,0.038991,0.03763,0.037261,0.034512
0.030347,0.032272,0.032378,0.032392,0.032506,0.03256,0.031833
0.030182,0.031764,0.030238,0.03066,0.031303,0.031033,0.031143
0.029995,0.03141,0.029753,0.030223,0.030868,0.030475,0.03081
0.029844,0.031109,0.029428,0.029872,0.030512,0.030035,0.030517
0.029699,0.030876,0.029167,0.029572,0.030226,0.029644,0.030292
0.029546,0.030614,0.028937,0.029374,0.030015,0.029423,0.030058
0.029507,0.030449,0.028759,0.029206,0.029837,0.029232,0.029924
0.029438,0.030283,0.028596,0.029039,0.029721,0.029052,0.029765
0.029349,0.030127,0.02849,0.028902,0.029557,0.028876,0.029655
0.029313,0.029934,0.028357,0.028712,0.029366,0.028679,0.029497
0.029192,0.029724,0.028168,0.028481,0.02916,0.028441,0.029225
0.029069,0.029638,0.028033,0.028333,0.029011,0.028287,0.029079
0.029005,0.029463,0.027912,0.028183,0.028852,0.02817,0.028946
0.028918,0.029473,0.027901,0.028138,0.028765,0.028055,0.028852
0.028857,0.029272,0.02775,0.027972,0.028647,0.027893,0.028719
0.02879,0.029136,0.027627,0.027877,0.02854,0.027717,0.028603
0.02878,0.028954,0.027517,0.027719,0.028443,0.027593,0.028531
0.028783,0.028866,0.027443,0.027603,0.028357,0.027465,0.02838
0.028757,0.02874,0.027331,0.027499,0.028241,0.027376,0.028277
0.028718,0.028571,0.027181,0.027399,0.028122,0.027253,0.028175
0.028646,0.026467,0.027162,0.027295,0.02803,0.027286,0.02807
0.028594,0.024744,0.027072,0.027254,0.027904,0.027144,0.028005
0.028531,0.028433,0.026805,0.02707,0.02779,0.025464,0.027848
0.028458,0.028246,0.026719,0.026957,0.027727,0.026891,0.02777
0.028425,0.028057,0.026618,0.026844,0.027609,0.026775,0.027714
0.028394,0.027929,0.02655,0.026745,0.027531,0.026702,0.027645
0.02835,0.027861,0.026464,0.026743,0.027437,0.026637,0.027585
0.028262,0.027804,0.026384,0.026645,0.027341,0.026464,0.027434
0.028208,0.02767,0.026249,0.026497,0.027241,0.026316,0.027341
0.028155,0.027501,0.026123,0.02636,0.02705,0.026206,0.027249
0.028036,0.027337,0.025818,0.02609,0.026707,0.025736,0.026938
0.027982,0.027147,0.025411,0.02579,0.026363,0.025245,0.026691
0.027918,0.026923,0.025171,0.025552,0.026106,0.025002,0.026451
0.027819,0.026728,0.02499,0.025338,0.025913,0.024776,0.026301
0.027729,0.026523,0.024793,0.025151,0.025737,0.02462,0.026124
0.027611,0.026355,0.024638,0.024977,0.025568,0.024423,0.025951
0.027477,0.026188,0.024463,0.024814,0.025398,0.02428,0.025795
0.027302,0.02603,0.024298,0.024645,0.025232,0.024086,0.025668
0.027189,0.025858,0.024162,0.024507,0.025076,0.023958,0.025529
0.027074,0.025693,0.023998,0.024369,0.024938,0.023832,0.025421
0.026987,0.025545,0.023876,0.024207,0.0248,0.023688,0.025289
0.026838,0.025437,0.023764,0.024074,0.024651,0.023557,0.025187
0.026747,0.025309,0.023634,0.023962,0.024534,0.023418,0.02507
0.02662,0.025171,0.023519,0.023824,0.024428,0.023303,0.024932
0.026487,0.025013,0.023402,0.02372,0.024288,0.023173,0.024847
0.02635,0.024868,0.023258,0.023601,0.024168,0.023065,0.024693
0.026221,0.024751,0.023137,0.023474,0.024035,0.022967,0.024588
0.02605,0.02462,0.023032,0.02336,0.02393,0.022852,0.02451
0.02594,0.024521,0.022949,0.023276,0.023866,0.022785,0.024388
0.025785,0.024458,0.022844,0.023185,0.023778,0.022696,0.024301
0.025707,0.024403,0.022758,0.023085,0.0237,0.02257,0.024196
0.025634,0.024323,0.022701,0.023009,0.02361,0.022498,0.024062
0.025519,0.024243,0.02263,0.022923,0.023535,0.022402,0.023981
0.025446,0.024168,0.02255,0.02285,0.023466,0.022324,0.0239
0.025387,0.02407,0.022473,0.022762,0.023376,0.02223,0.02379
0.025273,0.024011,0.022402,0.022687,0.023302,0.022165,0.023715
0.025217,0.02392,0.022319,0.02259,0.023234,0.022071,0.023634
0.025158,0.023853,0.022244,0.02252,0.023161,0.021964,0.023579
0.025074,0.023767,0.022172,0.022456,0.023082,0.021979,0.023534
0.02502,0.023678,0.022096,0.022361,0.023007,0.021833,0.023445
0.02498,0.023599,0.022035,0.02225,0.022906,0.021759,0.023346
0.024858,0.023508,0.021944,0.022159,0.022832,0.021641,0.023265
0.024816,0.023414,0.02186,0.022088,0.022751,0.021565,0.023198
0.024714,0.023359,0.021778,0.022011,0.022683,0.021492,0.023121
0.024659,0.023274,0.021708,0.02194,0.022586,0.021415,0.023069
0.024599,0.023186,0.021642,0.021875,0.022516,0.021345,0.023
0.024564,0.023134,0.021579,0.02182,0.022439,0.021277,0.022962
0.024492,0.023045,0.021492,0.021744,0.022391,0.02122,0.022888
0.024382,0.022841,0.021591,0.021717,0.022365,0.021203,0.022838
0.024389,0.022838,0.021617,0.02171,0.022383,0.021207,0.022793
0.024365,0.022819,0.021578,0.021671,0.022339,0.021155,0.022756
0.024325,0.022743,0.021513,0.021664,0.022287,0.021113,0.022726
0.024283,0.022679,0.021444,0.021633,0.022211,0.021086,0.022696
0.024221,0.022589,0.021404,0.021582,0.02214,0.021033,0.022627
0.024226,0.02261,0.021397,0.021533,0.022145,0.021018,0.022614
0.024226,0.022612,0.021387,0.021513,0.02212,0.020999,0.022587
0.024192,0.022662,0.021407,0.021505,0.022116,0.021,0.022582
0.0246,0.023089,0.021908,0.022541,0.022369,0.021414,0.022956
0.028968,0.02967,0.030125,0.03133,0.02757,0.030309,0.026668
0.030561,0.02969,0.034066,0.033135,0.03036,0.032408,0.028294
0.03112,0.028388,0.035573,0.033364,0.030421,0.031508,0.029409
0.031779,0.02851,0.035823,0.033431,0.030507,0.031708,0.029921
0.032146,0.028996,0.036148,0.033991,0.03075,0.032068,0.030431
0.032422,0.029512,0.036426,0.03447,0.031094,0.032409,0.030913
0.032581,0.02999,0.036623,0.034954,0.031609,0.032924,0.031459
0.032484,0.030618,0.036771,0.035395,0.032134,0.033415,0.031958
0.032078,0.030966,0.037302,0.035916,0.033097,0.034152,0.03213
0.032204,0.031359,0.038124,0.036577,0.033935,0.035148,0.032438
0.032256,0.031675,0.038734,0.036934,0.034353,0.035778,0.033002
0.032662,0.032043,0.039454,0.037851,0.03505,0.036667,0.033626
0.033219,0.03249,0.040024,0.038426,0.035575,0.037433,0.034382
0.033171,0.032712,0.039691,0.038279,0.035742,0.038097,0.034781
0.033558,0.032995,0.040339,0.038803,0.036106,0.038794,0.035215
0.033528,0.033274,0.040409,0.038839,0.036626,0.039409,0.035731
0.034015,0.033583,0.040619,0.039062,0.037114,0.039834,0.036357
0.034056,0.033745,0.040986,0.039447,0.037404,0.040068,0.036799
0.03449,0.033641,0.040681,0.039129,0.037334,0.040037,0.036865
0.033769,0.033632,0.041032,0.039622,0.037401,0.040463,0.037203
0.032658,0.033676,0.041047,0.039927,0.037523,0.04089,0.037471
0.032086,0.033747,0.041139,0.039923,0.03753,0.041245,0.03791
0.031867,0.034123,0.041337,0.040105,0.037666,0.041519,0.038154
0.031873,0.034069,0.041426,0.040456,0.038066,0.041997,0.038599
0.032237,0.03427,0.041388,0.040203,0.038129,0.042031,0.039023
0.032314,0.034256,0.041339,0.040225,0.038162,0.042019,0.039508
0.032396,0.034364,0.041472,0.040361,0.038179,0.042484,0.039631
0.032403,0.034642,0.041248,0.040387,0.038207,0.042693,0.039702
0.03252,0.035056,0.041383,0.040392,0.038438,0.043001,0.039968
0.032908,0.035108,0.041455,0.0407,0.038548,0.043059,0.0402
0.032737,0.035183,0.041144,0.040571,0.038563,0.042892,0.040254
0.03258,0.035191,0.041977,0.040872,0.039003,0.043154,0.040274
0.03271,0.035426,0.042038,0.041068,0.03919,0.042975,0.040355
0.032723,0.035479,0.041987,0.040783,0.039113,0.042855,0.040299
0.032984,0.0356,0.042186,0.040933,0.039274,0.043271,0.040415
0.032998,0.035784,0.042322,0.041009,0.039343,0.043305,0.040607
0.03294,0.035839,0.042327,0.041261,0.039389,0.043308,0.040607
0.033199,0.036085,0.042683,0.041316,0.039503,0.04336,0.040498
0.033099,0.036104,0.043068,0.04158,0.039761,0.043481,0.040494
0.033033,0.036097,0.043269,0.041647,0.03978,0.043643,0.040379
0.033001,0.036149,0.042913,0.040965,0.039776,0.043124,0.04019
0.032825,0.034556,0.037673,0.036314,0.037234,0.039583,0.038224
0.032715,0.033723,0.034965,0.034518,0.0356,0.037433,0.036748
0.032266,0.033065,0.033099,0.033259,0.034548,0.036051,0.035904
0.031957,0.032736,0.032193,0.032674,0.033951,0.03529,0.035414
0.031791,0.032511,0.03172,0.032323,0.033561,0.034848,0.034972
0.031615,0.032194,0.031429,0.031968,0.033231,0.034452,0.034729
0.031378,0.03193,0.031134,0.031672,0.032964,0.034163,0.034362
0.031109,0.031743,0.030993,0.031575,0.032706,0.033905,0.034155
0.03096,0.0316,0.030913,0.031393,0.03254,0.033679,0.033864
0.030743,0.031431,0.030672,0.031195,0.032284,0.033307,0.033506
0.03047,0.031419,0.030542,0.031135,0.03207,0.033051,0.033201
0.03038,0.031238,0.030248,0.030876,0.031883,0.032677,0.033052
0.030035,0.030969,0.029846,0.03054,0.03154,0.032019,0.032725
0.029766,0.030637,0.029543,0.030226,0.031156,0.031464,0.032349
0.029774,0.030398,0.029317,0.030001,0.030987,0.031124,0.032194
0.029613,0.0303,0.029079,0.029844,0.030767,0.030881,0.031935
0.029208,0.03003,0.028835,0.029579,0.030437,0.03052,0.03161
0.029067,0.029828,0.028601,0.029357,0.030246,0.030154,0.031237
0.029002,0.029584,0.028467,0.029059,0.029983,0.029796,0.031031
0.02888,0.029381,0.028291,0.028881,0.029735,0.029516,0.030791
0.028897,0.029133,0.028076,0.028723,0.029554,0.029285,0.030565
0.028791,0.028824,0.027873,0.02848,0.029356,0.029081,0.030197
0.028709,0.028653,0.027876,0.028341,0.029203,0.028805,0.030005
0.028546,0.02846,0.027627,0.028131,0.028998,0.028569,0.029737
0.028463,0.028242,0.027486,0.027906,0.028844,0.028292,0.029561
0.028587,0.02902,0.027629,0.027995,0.02884,0.028272,0.029332
0.028756,0.029244,0.027668,0.028032,0.028803,0.028318,0.029237
0.028611,0.029117,0.027597,0.027929,0.028681,0.028115,0.029113
0.028641,0.028964,0.027433,0.027782,0.028595,0.02795,0.029033
0.028687,0.02886,0.027349,0.027709,0.028516,0.027895,0.028934
0.028588,0.02869,0.027238,0.027571,0.028362,0.02769,0.028787
0.028603,0.028493,0.027069,0.027361,0.028212,0.027502,0.028621
0.028564,0.028331,0.026944,0.027189,0.02801,0.027319,0.028475
0.028503,0.028184,0.026826,0.027088,0.027921,0.027199,0.028358
0.028397,0.028232,0.026853,0.027088,0.027865,0.027125,0.028215
0.02839,0.028113,0.026735,0.026958,0.027767,0.027057,0.028127
0.028311,0.028017,0.026653,0.026881,0.027674,0.026968,0.028022
0.028235,0.027922,0.026607,0.026779,0.027559,0.026841,0.027915
0.028174,0.027766,0.026443,0.026652,0.02744,0.026723,0.027782
0.028133,0.027795,0.026397,0.026544,0.027389,0.026615,0.027763
0.028085,0.027726,0.026299,0.026491,0.027396,0.026598,0.027751
0.028034,0.027572,0.026181,0.026408,0.027299,0.026489,0.027668
0.02797,0.027503,0.026168,0.026433,0.027219,0.026437,0.027539
0.027965,0.027457,0.026098,0.026345,0.02718,0.026354,0.027543
0.027891,0.027316,0.026044,0.026326,0.027126,0.026257,0.027481
0.02785,0.027281,0.025924,0.026191,0.027044,0.026164,0.027397
0.027811,0.02718,0.025816,0.026084,0.026959,0.026018,0.027346
0.027757,0.027094,0.025679,0.026023,0.026798,0.025921,0.027288
0.027686,0.027011,0.025559,0.02587,0.02669,0.025796,0.027193
0.027676,0.026948,0.025502,0.025841,0.026694,0.025773,0.027129
0.02763,0.026872,0.02542,0.025834,0.026595,0.025732,0.027091
0.027546,0.02678,0.025321,0.025798,0.026474,0.025666,0.027073
0.02752,0.026721,0.025277,0.025706,0.026437,0.025574,0.026954
0.027492,0.026691,0.025275,0.025689,0.026463,0.025552,0.026892
0.027429,0.026633,0.025208,0.025659,0.026481,0.025496,0.026877
0.027418,0.026589,0.025139,0.025575,0.026342,0.025452,0.026806
0.027367,0.026552,0.025076,0.025542,0.026238,0.025393,0.026809
0.027331,0.026476,0.024993,0.025418,0.026178,0.025297,0.026744
0.027295,0.026392,0.024938,0.025362,0.026157,0.025228,0.026642
0.02727,0.026259,0.024886,0.025325,0.026129,0.02519,0.026596
0.027212,0.02616,0.024792,0.025249,0.026001,0.025103,0.026558
0.027169,0.026121,0.024737,0.025209,0.025904,0.02506,0.026496
0.02715,0.026084,0.024691,0.025066,0.025818,0.024957,0.026404
0.027125,0.026069,0.024641,0.025003,0.025769,0.024878,0.026401
0.02705,0.026003,0.024575,0.024918,0.025747,0.024797,0.026386
0.02696,0.025927,0.024495,0.024824,0.025637,0.024679,0.026195
0.026933,0.025804,0.024406,0.024607,0.025522,0.024516,0.026165
0.026835,0.025683,0.024309,0.024438,0.025407,0.024376,0.025971
0.026786,0.025556,0.024191,0.024307,0.02532,0.024264,0.025775
0.026701,0.025503,0.024128,0.024345,0.025276,0.024217,0.025651
0.026656,0.025436,0.024069,0.024289,0.02528,0.024176,0.025622
0.026543,0.025353,0.024069,0.024268,0.025208,0.024136,0.025596
0.026441,0.025291,0.024039,0.024224,0.025142,0.024123,0.025711
0.026383,0.02525,0.02399,0.024184,0.025099,0.024033,0.025641
0.026362,0.025217,0.023951,0.024106,0.025056,0.024025,0.025421
0.02631,0.025133,0.023825,0.024012,0.024913,0.023897,0.025282
0.026258,0.024987,0.023498,0.023663,0.024478,0.023337,0.025001
0.026206,0.024853,0.023303,0.02349,0.024254,0.023092,0.024811
0.026131,0.024765,0.02317,0.02335,0.024106,0.022955,0.024629
0.02608,0.024637,0.023041,0.023222,0.023943,0.02282,0.024484
0.026027,0.024512,0.022904,0.023096,0.023837,0.022657,0.024352
0.025958,0.0244,0.022797,0.022976,0.023727,0.02254,0.024246
0.025899,0.024302,0.022703,0.022894,0.023614,0.022458,0.024116
0.025843,0.024211,0.022614,0.022822,0.023531,0.022386,0.024046
0.02577,0.024127,0.022542,0.022757,0.023468,0.0223,0.023957
0.025708,0.024037,0.02248,0.022668,0.023383,0.022221,0.023874
0.025641,0.02392,0.022389,0.022575,0.023265,0.022137,0.023766
0.025605,0.023882,0.022302,0.022468,0.023192,0.022016,0.023678
0.025584,0.023803,0.022222,0.022386,0.023117,0.021921,0.023573
0.025541,0.023732,0.022164,0.022324,0.023038,0.021849,0.023497
0.025496,0.023652,0.022115,0.022247,0.022964,0.021781,0.023428
0.025451,0.023588,0.022064,0.022181,0.022902,0.021713,0.02335
0.025406,0.023567,0.022038,0.022134,0.022859,0.021652,0.023293
0.025318,0.023507,0.022143,0.022147,0.022904,0.021686,0.023254
0.025299,0.023479,0.022163,0.022158,0.022933,0.021713,0.023243
0.025283,0.023483,0.022141,0.02216,0.022925,0.021704,0.023245
0.025291,0.023481,0.02213,0.02215,0.022902,0.021711,0.023234
0.025267,0.023492,0.0221,0.022168,0.022897,0.021709,0.023235
0.025266,0.023491,0.0221,0.022161,0.022868,0.021687,0.023252
0.025252,0.023488,0.022094,0.02215,0.022855,0.021696,0.023229
0.025246,0.023499,0.022068,0.022152,0.022856,0.021689,0.023225
0.025268,0.023546,0.022076,0.022188,0.022849,0.021675,0.023227
0.02551,0.023737,0.022284,0.022616,0.023018,0.022278,0.023495
0.030164,0.027482,0.032422,0.031661,0.028335,0.022278,0.026876
0.032276,0.028684,0.036036,0.033893,0.030869,0.029878,0.029545
0.033124,0.029479,0.036811,0.034782,0.031388,0.029878,0.030715
0.033259,0.029913,0.037139,0.035133,0.031607,0.029878,0.031201
0.032535,0.030582,0.037653,0.03581,0.031878,0.033942,0.031293
0.032035,0.031051,0.038158,0.036559,0.033348,0.033942,0.031447
0.032427,0.031582,0.03876,0.037252,0.034586,0.035035,0.031768
0.032972,0.032448,0.039475,0.038156,0.035267,0.035985,0.032498
0.033344,0.033123,0.040225,0.03894,0.035819,0.03669,0.03331
0.033548,0.033585,0.040863,0.039578,0.036407,0.037542,0.033906
0.033612,0.033755,0.040749,0.039039,0.036574,0.037966,0.034269
0.032884,0.03362,0.041164,0.039289,0.036756,0.037941,0.034617
0.031694,0.033437,0.041086,0.03919,0.036592,0.037891,0.034729
0.031103,0.033594,0.041105,0.039241,0.036751,0.038273,0.034887
0.030995,0.033419,0.0414,0.039663,0.036914,0.037972,0.035022
0.030984,0.03337,0.041309,0.039536,0.036723,0.038144,0.035042
0.031003,0.03371,0.041603,0.039787,0.037259,0.038563,0.035507
0.031171,0.034099,0.042075,0.040302,0.037948,0.039517,0.036108
0.031248,0.034147,0.042255,0.040318,0.038241,0.03951,0.036441
0.031223,0.034445,0.042383,0.040397,0.038348,0.039462,0.036589
0.030971,0.034107,0.04167,0.039596,0.037935,0.038872,0.036373
0.030759,0.033959,0.040369,0.038317,0.037444,0.037949,0.035622
0.030499,0.033605,0.039037,0.03717,0.036778,0.036821,0.035162
0.030362,0.032996,0.037815,0.036066,0.036079,0.036014,0.034358
0.030363,0.032634,0.036805,0.035285,0.035611,0.035603,0.034111
0.030639,0.032562,0.035928,0.034652,0.035189,0.035687,0.03397
0.030587,0.032399,0.0351,0.034009,0.034633,0.034968,0.033561
0.030403,0.032085,0.034166,0.033263,0.034036,0.033921,0.033094
0.03013,0.031683,0.033335,0.032551,0.033356,0.033019,0.03249
0.029965,0.031477,0.032752,0.032025,0.032882,0.032798,0.032145
0.029826,0.031299,0.03216,0.031712,0.032504,0.032678,0.031907
0.029686,0.031179,0.03174,0.031492,0.032194,0.032506,0.031832
0.029737,0.031153,0.031783,0.031476,0.032216,0.032394,0.031845
0.029932,0.031403,0.033304,0.032399,0.033077,0.033214,0.032264
0.030235,0.031564,0.033821,0.03284,0.033538,0.03387,0.032651
0.030322,0.03147,0.033394,0.032556,0.03335,0.034193,0.032745
0.030695,0.031588,0.033155,0.032592,0.03341,0.035591,0.033564
0.031164,0.031916,0.034031,0.033621,0.034083,0.036392,0.034498
0.031198,0.03204,0.034164,0.033713,0.034268,0.036406,0.034645
0.031314,0.032118,0.033517,0.033081,0.03393,0.036541,0.034872
0.031237,0.031631,0.031328,0.031532,0.032853,0.035353,0.034471
0.031265,0.031439,0.030587,0.031186,0.032467,0.034586,0.034274
0.031233,0.031315,0.030326,0.03105,0.032281,0.034393,0.034051
0.031143,0.031246,0.030189,0.030949,0.032145,0.034048,0.033895
0.031084,0.031272,0.030069,0.030921,0.03199,0.033515,0.03377
0.030956,0.031098,0.029945,0.030769,0.031771,0.033166,0.033451
0.030768,0.031,0.02981,0.030645,0.031556,0.032732,0.03306
0.030623,0.031049,0.029792,0.030645,0.031482,0.032563,0.032861
0.030517,0.031157,0.029846,0.030621,0.031438,0.032506,0.032711
0.030538,0.031124,0.02985,0.030611,0.031426,0.032452,0.032604
0.030572,0.031227,0.029947,0.030681,0.031497,0.032447,0.032686
0.030543,0.031297,0.029978,0.030729,0.031452,0.032294,0.032716
0.030594,0.031193,0.029932,0.030661,0.031377,0.031904,0.032656
0.030297,0.030991,0.029752,0.030473,0.031143,0.031426,0.032374
0.030235,0.030904,0.029635,0.030356,0.031022,0.03136,0.032264
0.030172,0.030823,0.029627,0.03029,0.030962,0.031295,0.032122
0.03002,0.030807,0.02955,0.030227,0.03085,0.031151,0.031953
0.029801,0.030742,0.029417,0.030129,0.03076,0.030993,0.031757
0.029657,0.03058,0.029315,0.029964,0.030559,0.030711,0.031432
0.029585,0.030301,0.029213,0.029713,0.030385,0.030461,0.031251
0.029344,0.030122,0.029026,0.029522,0.030251,0.03021,0.030906
0.0292,0.029893,0.028872,0.029362,0.030037,0.029875,0.030725
0.029027,0.029626,0.028597,0.02912,0.02982,0.029565,0.030311
0.028858,0.029337,0.028369,0.028883,0.0296,0.029254,0.030227
0.028666,0.029025,0.028168,0.028639,0.029407,0.028917,0.029994
0.02854,0.028774,0.027895,0.028346,0.029109,0.028538,0.02963
0.028843,0.029302,0.027883,0.028314,0.028936,0.028312,0.029274
0.029009,0.029473,0.027947,0.028292,0.02887,0.028258,0.029162
0.029003,0.029443,0.027905,0.028156,0.028775,0.028122,0.029077
0.028908,0.029299,0.027717,0.02798,0.028637,0.027913,0.028904
0.028866,0.029217,0.027566,0.027842,0.028501,0.027759,0.028797
0.028777,0.029078,0.027436,0.027676,0.028379,0.027688,0.02862
0.028775,0.028897,0.027359,0.02756,0.028275,0.027553,0.028522
0.028694,0.02873,0.027248,0.027423,0.028151,0.027374,0.028378
0.028648,0.028584,0.027146,0.027375,0.028051,0.027322,0.028234
0.028578,0.028359,0.027039,0.027206,0.02793,0.027214,0.028134
0.028524,0.028205,0.026908,0.0271,0.027845,0.027083,0.028046
0.028482,0.028105,0.026827,0.027007,0.02775,0.026961,0.027953
0.028387,0.028053,0.026833,0.02693,0.027641,0.026863,0.027823
0.02833,0.027935,0.026737,0.026727,0.027524,0.026661,0.027715
0.028258,0.02786,0.026651,0.026607,0.027448,0.026502,0.027626
0.028208,0.027737,0.026587,0.026453,0.027372,0.026414,0.02748
0.028181,0.027605,0.026441,0.026286,0.027241,0.026275,0.027327
0.028118,0.027477,0.026278,0.026107,0.027085,0.026035,0.027163
0.028045,0.027308,0.026092,0.025942,0.026915,0.025818,0.026992
0.027968,0.027181,0.026005,0.025782,0.026793,0.025671,0.026777
0.027888,0.027138,0.025953,0.025739,0.026729,0.025567,0.026693
0.027828,0.027104,0.025837,0.025712,0.026643,0.025479,0.026571
0.027783,0.027015,0.025754,0.02566,0.026547,0.025375,0.026459
0.027754,0.026943,0.025639,0.02554,0.026434,0.025273,0.026316
0.027744,0.026802,0.025525,0.025413,0.02632,0.025137,0.026196
0.027712,0.026654,0.025401,0.025263,0.026189,0.024955,0.026017
0.027642,0.026488,0.025312,0.02511,0.02604,0.024826,0.025901
0.027546,0.026387,0.025211,0.025029,0.025944,0.024765,0.025829
0.027576,0.02644,0.025274,0.025074,0.025976,0.024794,0.025907
0.027558,0.026443,0.025283,0.025066,0.02598,0.024803,0.025935
0.027538,0.02643,0.02527,0.025074,0.025955,0.024811,0.025918
0.027531,0.026379,0.025238,0.025021,0.025935,0.02475,0.025907
0.02739,0.026273,0.025071,0.024917,0.025848,0.024629,0.025822
0.027325,0.026116,0.024956,0.024741,0.025704,0.024447,0.025586
0.027252,0.026017,0.024871,0.024614,0.025599,0.02434,0.025443
0.027162,0.025915,0.024754,0.024533,0.025491,0.024231,0.025357
0.027112,0.025798,0.024622,0.024392,0.025354,0.024073,0.025157
0.026993,0.025586,0.024479,0.024249,0.025183,0.023918,0.024943
0.026982,0.025523,0.024417,0.024171,0.025114,0.023845,0.024883
0.026919,0.025395,0.024284,0.024047,0.02498,0.023709,0.024805
0.026819,0.025263,0.024109,0.023815,0.024797,0.023551,0.024592
0.026703,0.02517,0.023972,0.023674,0.024711,0.023385,0.024366
0.026651,0.025081,0.023814,0.023527,0.024551,0.023248,0.024216
0.02659,0.025043,0.023704,0.023447,0.02451,0.023166,0.024153
0.026581,0.025028,0.023664,0.023466,0.02448,0.023193,0.024187
0.026558,0.024897,0.023663,0.023465,0.02446,0.023204,0.024255
0.026506,0.024843,0.023605,0.02338,0.024394,0.023135,0.024193
0.026431,0.02479,0.023542,0.023271,0.024312,0.02304,0.024061
0.02638,0.024786,0.023443,0.023215,0.024247,0.022969,0.023971
0.026337,0.02473,0.02341,0.023185,0.024187,0.022923,0.023926
0.026287,0.024669,0.023363,0.023142,0.024136,0.022876,0.023885
0.026214,0.024638,0.023311,0.023071,0.024086,0.022837,0.023802
0.026222,0.024592,0.023266,0.023012,0.024046,0.0228,0.023767
0.026246,0.024562,0.023311,0.023096,0.02407,0.022844,0.023855
0.026241,0.024562,0.023338,0.023171,0.024098,0.022905,0.023967
0.026221,0.024587,0.023356,0.023215,0.024106,0.022979,0.024017
0.026138,0.024639,0.023328,0.023246,0.024135,0.02304,0.024096
0.026135,0.024634,0.023332,0.023232,0.024133,0.02304,0.024131
0.026095,0.024518,0.023315,0.023168,0.024096,0.022969,0.024124
0.026066,0.024432,0.023288,0.023089,0.024035,0.022886,0.024037
0.026054,0.024387,0.023239,0.023021,0.023985,0.022836,0.023967
0.026026,0.024348,0.023191,0.022952,0.023935,0.022771,0.023858
0.025987,0.024318,0.023187,0.022969,0.023921,0.022785,0.023865
0.025901,0.024326,0.023125,0.022983,0.023931,0.022816,0.023901
0.025936,0.024282,0.023133,0.022947,0.023895,0.022771,0.023893
0.025873,0.024248,0.023088,0.022907,0.023866,0.022731,0.023847
0.025814,0.02423,0.023065,0.022869,0.023835,0.02271,0.023783
0.025748,0.024208,0.022954,0.022862,0.023858,0.022715,0.023798
0.025679,0.024145,0.022881,0.022799,0.02382,0.022641,0.023781
0.025617,0.024038,0.022835,0.022681,0.023729,0.022532,0.023737
0.025562,0.023943,0.022723,0.022539,0.023622,0.022378,0.023581
0.025488,0.02386,0.02261,0.022427,0.023506,0.022244,0.023404
0.025469,0.023784,0.022575,0.022388,0.023465,0.022208,0.023381
0.025399,0.023741,0.022514,0.022349,0.023418,0.022153,0.023341
0.025371,0.023684,0.02248,0.022301,0.023366,0.022114,0.023284
0.025295,0.023642,0.02241,0.022239,0.023298,0.022056,0.02319
0.025283,0.023628,0.02234,0.022191,0.023255,0.021991,0.02312
0.025247,0.023667,0.022363,0.022209,0.02326,0.022035,0.023142
0.025275,0.024069,0.022463,0.022426,0.023332,0.022157,0.023182
0.025332,0.024967,0.02274,0.022963,0.023587,0.022478,0.023344
0.025449,0.026328,0.023261,0.023852,0.024026,0.023031,0.023799
0.025586,0.027724,0.02423,0.024876,0.024721,0.02406,0.024445
0.025813,0.028495,0.024816,0.025533,0.025226,0.024808,0.025009
0.026069,0.029567,0.02529,0.026352,0.025751,0.02559,0.025547
0.02637,0.030029,0.025818,0.027051,0.026312,0.02659,0.02625
0.02669,0.030696,0.026327,0.027748,0.026832,0.027428,0.026982
0.027045,0.031695,0.026884,0.028658,0.027395,0.028362,0.027613
0.027436,0.032561,0.027551,0.029403,0.02791,0.029202,0.028252
0.027794,0.033171,0.028063,0.030009,0.028354,0.030046,0.029127
0.028266,0.03355,0.02853,0.030521,0.028749,0.03077,0.029797
0.028636,0.033764,0.028853,0.030943,0.029116,0.031284,0.030343
0.02873,0.03314,0.02865,0.030442,0.029148,0.030735,0.030288
0.028785,0.03284,0.028402,0.030058,0.029078,0.030424,0.030243
0.029223,0.033388,0.028849,0.030891,0.029555,0.031319,0.030992
0.029742,0.033678,0.029191,0.031349,0.030086,0.031854,0.031721
0.030052,0.034007,0.029603,0.031686,0.030628,0.032304,0.032328
0.030505,0.034216,0.029984,0.031961,0.031039,0.032678,0.03286
0.030783,0.034288,0.030301,0.032169,0.03142,0.032949,0.033377
0.031081,0.034268,0.030489,0.032254,0.031644,0.033164,0.033727
0.031273,0.034191,0.03066,0.032318,0.03185,0.033332,0.034123
0.03164,0.034069,0.030743,0.032352,0.03215,0.033496,0.034452
0.031921,0.033866,0.030816,0.032344,0.032583,0.033618,0.034767
0.032481,0.033755,0.030867,0.032331,0.032937,0.033605,0.035086
0.032762,0.033743,0.031022,0.032444,0.033263,0.033568,0.035461
0.03312,0.033808,0.031114,0.032658,0.033492,0.033671,0.035641
0.033452,0.0338,0.031202,0.032804,0.033726,0.033815,0.035916
0.033644,0.03407,0.031248,0.033008,0.033923,0.03396,0.036101
0.033962,0.034206,0.03122,0.033038,0.034193,0.033953,0.036297
0.03413,0.034234,0.031292,0.033028,0.03429,0.03406,0.036483
0.034177,0.034216,0.031386,0.033042,0.034394,0.034128,0.036557
0.034162,0.03432,0.031481,0.033176,0.034411,0.034255,0.036623
0.034541,0.034238,0.031515,0.033064,0.034578,0.034223,0.036642
0.034568,0.034321,0.031587,0.033122,0.034641,0.034275,0.036671
0.034676,0.034461,0.031751,0.033279,0.034794,0.034444,0.03688
0.034633,0.034404,0.031754,0.033203,0.034566,0.034378,0.0367
0.034736,0.034377,0.031722,0.033137,0.034625,0.034401,0.036725
0.034845,0.034518,0.031816,0.033253,0.034682,0.034419,0.036846
0.035019,0.034612,0.031853,0.033349,0.034665,0.034459,0.036815
0.03498,0.034538,0.03184,0.033288,0.034553,0.034375,0.036718
0.034773,0.034362,0.031692,0.033085,0.034198,0.034164,0.036266
0.034558,0.034131,0.031517,0.032887,0.033868,0.033956,0.035882
0.03452,0.034085,0.031513,0.03286,0.033896,0.033884,0.035888
0.034482,0.034086,0.031501,0.032828,0.033905,0.033838,0.035877
0.034696,0.034092,0.031524,0.032887,0.033845,0.033862,0.035837
0.034627,0.034144,0.031474,0.032858,0.033852,0.033822,0.035772
0.034664,0.03414,0.031432,0.032864,0.033673,0.033851,0.035643
0.034661,0.034118,0.0314,0.03277,0.033595,0.033746,0.035457
0.034677,0.03408,0.031344,0.032678,0.03341,0.033633,0.035274
0.034584,0.033855,0.031206,0.032516,0.033114,0.033554,0.034917
0.034396,0.033695,0.031116,0.032298,0.032915,0.033353,0.034603
0.034333,0.033544,0.03098,0.032183,0.032754,0.03327,0.034374
0.034091,0.033234,0.030789,0.031888,0.032372,0.032863,0.033974
0.033681,0.033076,0.030591,0.031667,0.032009,0.03247,0.033318
0.033479,0.032876,0.030428,0.031491,0.031805,0.032123,0.03293
0.033278,0.032695,0.030282,0.031295,0.03166,0.031817,0.032666
0.033204,0.032527,0.030158,0.031151,0.031508,0.031559,0.032481
0.033086,0.032376,0.030014,0.030981,0.031329,0.031305,0.032345
0.032984,0.032244,0.029876,0.030764,0.031191,0.031066,0.032212
0.032859,0.032109,0.029781,0.030555,0.031073,0.030923,0.031944
0.032607,0.031965,0.029618,0.030364,0.03098,0.030743,0.031815
0.032403,0.031768,0.029452,0.030166,0.030804,0.030469,0.031621
0.032177,0.031516,0.029272,0.029966,0.030577,0.03007,0.031276
0.031915,0.031308,0.029076,0.029773,0.030389,0.029847,0.031006
0.031661,0.031025,0.028916,0.029548,0.030144,0.02959,0.030764
0.031454,0.030735,0.028752,0.029384,0.02999,0.029432,0.030494
0.031254,0.030523,0.028595,0.029211,0.029795,0.029215,0.030352
0.031073,0.030322,0.028507,0.029028,0.029603,0.029027,0.030169
0.030851,0.030172,0.028396,0.028841,0.02944,0.028828,0.029933
0.030676,0.029992,0.028242,0.028659,0.029319,0.028658,0.029792
0.030536,0.029805,0.028146,0.028534,0.029189,0.028526,0.029646
0.030408,0.029671,0.027979,0.028397,0.02909,0.028434,0.029534
0.030267,0.02949,0.027808,0.028268,0.028935,0.028318,0.029385
0.030191,0.029347,0.027712,0.028128,0.028816,0.028204,0.029304
0.030103,0.029227,0.027618,0.028036,0.028718,0.028103,0.029213
0.030043,0.029167,0.027567,0.027955,0.02864,0.027987,0.029122
0.029977,0.029057,0.02745,0.027878,0.028542,0.027885,0.029029
0.0299,0.02896,0.027369,0.027783,0.028458,0.027795,0.028944
0.029817,0.028887,0.027247,0.02771,0.028357,0.027712,0.028868
0.029739,0.028752,0.027182,0.027603,0.02828,0.027631,0.02876
0.029668,0.028673,0.027102,0.027506,0.028199,0.027495,0.02867
0.029594,0.028612,0.027055,0.027439,0.028099,0.027434,0.028573
0.029535,0.028517,0.026941,0.027367,0.028,0.027359,0.028529
0.029479,0.028463,0.026793,0.027265,0.027894,0.02726,0.028451
0.02944,0.028333,0.026698,0.02717,0.027816,0.027166,0.028347
0.029404,0.028241,0.02661,0.027074,0.027726,0.027068,0.028257
0.029322,0.028132,0.026534,0.02697,0.027614,0.026964,0.028155
0.02927,0.028056,0.026469,0.026844,0.027541,0.026846,0.028094
0.029222,0.027989,0.026377,0.026762,0.027454,0.026762,0.028
0.02916,0.027896,0.026308,0.026629,0.027362,0.026597,0.027915
0.02911,0.027814,0.026236,0.026499,0.027288,0.026493,0.027848
0.029031,0.027732,0.026206,0.026513,0.027228,0.026484,0.027764
0.028947,0.027622,0.026123,0.026457,0.027167,0.026456,0.027752
0.02885,0.027504,0.02605,0.026387,0.027072,0.026349,0.027662
0.028773,0.027414,0.025998,0.026289,0.026989,0.026258,0.027609
0.028696,0.027277,0.025882,0.026178,0.026905,0.026172,0.027493
0.02865,0.027204,0.025789,0.026092,0.026815,0.026062,0.027354
0.028572,0.027117,0.025708,0.026029,0.026772,0.025981,0.027337
0.028511,0.027076,0.025677,0.025957,0.026725,0.025899,0.027307
0.028426,0.02698,0.025567,0.02586,0.02662,0.025819,0.027224
0.028356,0.026884,0.025475,0.025795,0.026513,0.025737,0.02713
0.028242,0.026815,0.025418,0.025698,0.026444,0.025636,0.027033
0.028205,0.02676,0.025371,0.025622,0.026385,0.025554,0.026984
0.028121,0.026726,0.025318,0.025526,0.026329,0.025463,0.026936
0.028089,0.026673,0.025267,0.025459,0.026276,0.025371,0.026868
0.028072,0.026606,0.0252,0.025299,0.026192,0.025265,0.026746
0.028005,0.026542,0.025067,0.025184,0.026053,0.025131,0.026635
0.027978,0.026361,0.024715,0.024924,0.025635,0.024623,0.026373
0.02794,0.026214,0.024513,0.024706,0.025424,0.024322,0.026103
0.027869,0.026096,0.024383,0.02455,0.025256,0.024154,0.025899
0.027784,0.025978,0.024239,0.024385,0.025075,0.023908,0.025693
0.027654,0.025825,0.024108,0.024168,0.024898,0.02364,0.025346
0.027598,0.025645,0.024017,0.02399,0.024779,0.023411,0.025025
0.027447,0.025517,0.023939,0.023855,0.02465,0.023261,0.024862
0.02743,0.025458,0.023881,0.023794,0.024598,0.02323,0.024835
0.027352,0.025373,0.023789,0.023708,0.0245,0.023116,0.024744
0.027248,0.025276,0.0237,0.023605,0.024411,0.023006,0.02467
0.027253,0.025229,0.023627,0.023547,0.024342,0.02299,0.024655
0.027178,0.025207,0.023587,0.023562,0.024338,0.02308,0.024728
0.027232,0.025176,0.023542,0.023564,0.024301,0.023067,0.024754
0.027144,0.025144,0.023476,0.023543,0.024265,0.02307,0.024759
0.027146,0.025097,0.023408,0.023501,0.024217,0.023047,0.024761
0.027032,0.025029,0.023339,0.023414,0.024138,0.022957,0.02468
0.026982,0.024946,0.023291,0.023334,0.024062,0.022843,0.024607
0.026917,0.024875,0.023268,0.023266,0.024014,0.022743,0.024535
0.026892,0.024821,0.023197,0.023234,0.023993,0.022704,0.024482
0.026836,0.02476,0.023111,0.023147,0.023911,0.022618,0.024406
0.026785,0.024712,0.023069,0.023102,0.023851,0.022568,0.024345
0.026755,0.024651,0.02302,0.023039,0.023793,0.022527,0.02429
0.026713,0.02457,0.022982,0.022958,0.023708,0.022412,0.024181
0.026639,0.024526,0.022934,0.022861,0.023609,0.022323,0.024107
0.026612,0.024497,0.022871,0.022872,0.023609,0.022329,0.024108
0.026578,0.024449,0.022817,0.022836,0.023576,0.022296,0.0241
0.026509,0.024372,0.02277,0.022762,0.023517,0.02222,0.024019
0.026448,0.024324,0.022717,0.02264,0.023414,0.022083,0.023956
0.02639,0.024268,0.022649,0.022594,0.023373,0.022055,0.023901
0.026373,0.024202,0.022601,0.022594,0.02335,0.022075,0.023908
0.026346,0.024138,0.022548,0.022544,0.023308,0.022021,0.023834
0.02633,0.024065,0.022479,0.02249,0.023244,0.021965,0.023822
0.026262,0.024015,0.022459,0.022458,0.023206,0.021957,0.023766
0.026225,0.023999,0.022423,0.022396,0.023139,0.021869,0.023726
0.026196,0.024032,0.022397,0.022355,0.0231,0.021847,0.023676
0.026204,0.024107,0.022397,0.022378,0.023099,0.021866,0.023694
0.026238,0.024969,0.022629,0.022857,0.023276,0.022042,0.023755
0.026331,0.026867,0.023085,0.023731,0.023719,0.022859,0.023891
0.026489,0.028253,0.023907,0.025086,0.024506,0.023906,0.024451
0.026726,0.029668,0.024798,0.026483,0.025182,0.02496,0.025065
0.026946,0.030809,0.025611,0.027332,0.025825,0.025984,0.025754
0.027273,0.031724,0.02614,0.02792,0.026429,0.026763,0.02663
0.027681,0.032461,0.026716,0.028624,0.026965,0.027704,0.027185
0.028027,0.03304,0.027254,0.02942,0.02745,0.028531,0.027691
0.028371,0.033551,0.027759,0.03001,0.027849,0.029283,0.028178
0.028663,0.033947,0.028182,0.030551,0.028162,0.030123,0.028923
0.029044,0.034359,0.028459,0.030963,0.028433,0.030796,0.029536
0.029387,0.034675,0.028698,0.03136,0.028758,0.031474,0.030063
0.029712,0.034949,0.028959,0.031678,0.029125,0.03203,0.030625
0.030059,0.035291,0.029208,0.032046,0.029536,0.032567,0.031169
0.030373,0.035529,0.02938,0.032311,0.029915,0.032946,0.031704
0.030703,0.035645,0.029511,0.032544,0.030244,0.033206,0.032212
0.031022,0.035695,0.029624,0.032717,0.030535,0.033305,0.0325
0.031328,0.035583,0.029706,0.032754,0.030998,0.033328,0.032936
0.031652,0.035462,0.029989,0.032746,0.031448,0.03342,0.033329
0.032006,0.035363,0.030314,0.032756,0.031793,0.03362,0.033773
0.032371,0.035281,0.030566,0.032865,0.032214,0.033775,0.034334
0.032679,0.035237,0.030751,0.033101,0.03259,0.034071,0.03477
0.033036,0.035211,0.030874,0.0332,0.032966,0.03426,0.035221
0.033445,0.03515,0.031134,0.033223,0.033251,0.034522,0.035536
0.033854,0.034965,0.031336,0.033245,0.033636,0.034561,0.035904
0.034165,0.034772,0.031396,0.033407,0.033996,0.034451,0.036252
0.034469,0.034917,0.031371,0.033661,0.034091,0.034369,0.036434
0.034606,0.035018,0.03136,0.033806,0.034163,0.034318,0.03655
0.034787,0.035039,0.031378,0.03382,0.034338,0.034281,0.03675
0.035047,0.035128,0.031443,0.03384,0.034577,0.034424,0.036879
0.035214,0.035152,0.031641,0.033813,0.034685,0.034531,0.037037
0.035439,0.035298,0.031733,0.033963,0.035032,0.034691,0.037317
0.035706,0.03541,0.031958,0.034067,0.035216,0.034872,0.037549
0.035781,0.035603,0.032126,0.034283,0.035508,0.035069,0.037803
0.035812,0.035735,0.032317,0.034365,0.035621,0.035213,0.037877
0.035952,0.035908,0.032348,0.034512,0.035716,0.035292,0.038021
0.036073,0.035952,0.032399,0.034568,0.035787,0.035386,0.038103
0.036206,0.036124,0.032435,0.034714,0.035861,0.035504,0.038149
0.036327,0.036286,0.032605,0.034885,0.03588,0.035644,0.038153
0.036348,0.036398,0.032738,0.034938,0.035921,0.035656,0.038165
0.036494,0.036471,0.032741,0.034948,0.036011,0.035682,0.038246
0.036772,0.036547,0.032902,0.035018,0.035943,0.035725,0.038181
0.037001,0.036635,0.032955,0.03507,0.035943,0.035773,0.038223
0.037202,0.03662,0.032939,0.035027,0.035786,0.03572,0.038054
0.037085,0.03661,0.033069,0.035075,0.035822,0.03591,0.038006
0.036943,0.036542,0.033126,0.035075,0.035789,0.036027,0.037861
0.036619,0.036476,0.033225,0.035017,0.035655,0.035961,0.037648
0.036656,0.036381,0.033254,0.034969,0.035498,0.035952,0.037489
0.036672,0.036249,0.033213,0.034899,0.035379,0.035881,0.037332
0.036562,0.036174,0.033168,0.03476,0.035168,0.035783,0.037036
0.036539,0.03602,0.033059,0.034584,0.034981,0.035572,0.036779
0.036512,0.035924,0.032963,0.03445,0.034825,0.035446,0.036537
0.036422,0.035802,0.032897,0.03433,0.034693,0.035368,0.036338
0.036294,0.035677,0.032818,0.034181,0.034525,0.035162,0.03602
0.036213,0.03551,0.032734,0.034051,0.034331,0.035001,0.035825
0.036023,0.035384,0.032557,0.033898,0.034147,0.034743,0.035508
0.035876,0.035222,0.032449,0.033715,0.03398,0.034501,0.0352
0.035724,0.035078,0.032353,0.033529,0.033812,0.034239,0.034943
0.035541,0.034925,0.032157,0.033362,0.033545,0.033829,0.034657
0.035297,0.034661,0.031998,0.033046,0.033304,0.03339,0.034341
0.035103,0.034458,0.031858,0.032815,0.033175,0.033087,0.034162
0.034849,0.034232,0.031658,0.032604,0.033025,0.03283,0.033887
0.034688,0.034022,0.031487,0.032345,0.032867,0.032657,0.0337
0.034386,0.033763,0.031298,0.032075,0.032628,0.032359,0.033396
0.034136,0.033484,0.031137,0.031809,0.032393,0.03211,0.033146
0.033955,0.03327,0.030966,0.031669,0.032186,0.031826,0.032874
0.033682,0.03306,0.030832,0.031495,0.031996,0.031612,0.032681
0.033436,0.032828,0.030756,0.031299,0.031792,0.031426,0.032447
0.033149,0.032637,0.030559,0.031118,0.031698,0.031386,0.032421
0.032905,0.032429,0.030368,0.030931,0.031592,0.031245,0.032283
0.032706,0.032164,0.030076,0.030751,0.031403,0.030773,0.031857
0.032496,0.031954,0.029848,0.030552,0.03124,0.030529,0.031652
0.032306,0.031762,0.029685,0.030381,0.031046,0.030352,0.031455
0.03213,0.031577,0.029526,0.030158,0.030803,0.030096,0.031279
0.031976,0.031367,0.029394,0.029964,0.030644,0.029898,0.031108
0.031848,0.031205,0.029283,0.029825,0.030509,0.029755,0.030995
0.031741,0.031058,0.029161,0.029681,0.030349,0.029603,0.030853
0.031569,0.030903,0.029037,0.029531,0.030234,0.029427,0.030703
0.03145,0.030759,0.028921,0.029395,0.030089,0.029299,0.030574
0.031359,0.030622,0.028805,0.029277,0.029982,0.029174,0.030457
0.031239,0.03052,0.0287,0.029167,0.029889,0.029078,0.030344
0.031167,0.030414,0.028609,0.029082,0.029806,0.028956,0.030246
0.031056,0.030321,0.028525,0.02899,0.029716,0.028873,0.030157
0.030997,0.030223,0.028438,0.028897,0.029618,0.028784,0.030075
0.030882,0.030098,0.02835,0.028801,0.029548,0.028688,0.02998
0.030816,0.030011,0.028272,0.028701,0.029463,0.028581,0.029882
0.03075,0.029951,0.028185,0.028643,0.029377,0.028521,0.0298
0.03068,0.029837,0.028112,0.028556,0.029283,0.028416,0.02972
0.030632,0.029792,0.028051,0.028471,0.029214,0.028361,0.02965
0.030574,0.02976,0.028007,0.028424,0.029174,0.028325,0.029576
0.030537,0.029688,0.027961,0.028364,0.029119,0.028281,0.029517
0.030491,0.029659,0.027931,0.028328,0.029063,0.028245,0.029472
0.030454,0.029622,0.027887,0.028277,0.029008,0.028204,0.029405
0.030422,0.029586,0.027854,0.028224,0.028966,0.028161,0.029347
0.030372,0.029579,0.027839,0.028231,0.028947,0.028166,0.029315
0.03035,0.029547,0.027808,0.02824,0.028941,0.028169,0.029306
0.030296,0.029503,0.027754,0.028196,0.028898,0.028118,0.029276
0.030247,0.029386,0.027687,0.028149,0.028833,0.028038,0.029222
0.030206,0.029326,0.027608,0.028039,0.028745,0.027937,0.02915
0.030146,0.029225,0.027544,0.027933,0.028666,0.027839,0.029068
0.030107,0.029153,0.02746,0.027825,0.028571,0.027747,0.028971
0.030042,0.029014,0.027381,0.027715,0.02847,0.027622,0.028847
0.030006,0.028925,0.027284,0.027635,0.028395,0.027532,0.028758
0.029949,0.028861,0.02722,0.027574,0.028311,0.027456,0.028682
0.029907,0.028817,0.027175,0.027515,0.028258,0.027419,0.028624
0.029863,0.028757,0.027123,0.027448,0.028181,0.027358,0.028554
0.029807,0.028699,0.027051,0.027368,0.028136,0.027286,0.028481
0.02976,0.028578,0.026976,0.027275,0.028037,0.027199,0.028404
0.029702,0.028515,0.026904,0.027182,0.027945,0.027093,0.028308
0.029649,0.02843,0.026814,0.027079,0.027893,0.026983,0.028225
0.029588,0.028368,0.02674,0.026968,0.027801,0.026853,0.028094
0.029548,0.028288,0.026672,0.026877,0.027704,0.026752,0.028024
0.029484,0.028208,0.026612,0.026832,0.027638,0.026712,0.027965
