3_1,4_1,4_2,5_1,5--3,6--1,6--2,6--5,7--2,8--7,8--8,9--8,10--1,10--8,11--4,11--6,11--8,11--11,12--2,12--3,12--4,13--6,13--12,13--13,14--8,14--9,14--11,14--14,15--5,15--12,16--2,16--5,16--8,16--14,17--6,17--10,17--17,18--2,18--18,19--9,19--10,,16--2,16--5,16--8,16--14,17--6,17--10,17--17,18--2,18--18,19--9,19--10
19755,386622,322575,23070,198702,217551,231855,40512,70848,149841,106920,175869,155328,161406,143922,124590,78495,23136,112581,217551,83895,238854,107892,161406,23136,197856,46980,105516,112581,10023,90948,17238,161406,107538,105516,78756,15360,203796,10023,107538,18762,,90948,17238,161406,107538,105516,78756,15360,203796,10023,107538,18762
-562.4590784,-18160.689,-15140.29343,-881.6546883,-5373.773127,-6110.879535,-7418.315029,-1013.313117,-3496.785985,-6022.548665,-3294.135661,-11513.36208,-9145.720735,-4983.278011,-6196.182416,-5309.703729,-3378.313886,-1349.782538,-7958.850693,-6219.012504,-3254.412981,-10083.49543,-5143.410132,-5020.067598,-1239.756793,-9299.378846,-1590.908481,-4629.093752,-8875.83947,-8146.192476,-3613.593271,-936.0518104,-4987.007136,-4942.875198,-4837.433412,-3606.075828,-723.7982375,-8386.821361,-5841.730905,-4879.532518,-1037.313146,,-3613.593271,-936.0518104,-4987.007136,-4942.875198,-4837.433412,-3606.075828,-723.7982375,-8386.821361,-5841.730905,-4879.532518,-1037.313146
-354.5067553,-8320.617442,-6697.067967,-603.097163,-4697.698095,-5743.746374,-7111.029416,-747.4870801,-1934.908783,-5568.918405,-3100.123186,-6008.48722,-5700.063739,-4879.347061,-6156.842022,-4962.576021,-3104.790525,-1075.068284,-4394.093103,-5717.447283,-2802.60349,-9557.368778,-4846.34085,-4918.56856,-1211.562639,-8973.330644,-1469.995843,-4184.429034,-4402.868887,-1927.433409,-3537.089117,-934.6047989,-4861.504298,-4739.435363,-4358.259094,-3338.846088,-645.8446559,-8043.738801,-1491.936715,-4713.581486,-983.0109257,,-3537.089117,-934.6047989,-4861.504298,-4739.435363,-4358.259094,-3338.846088,-645.8446559,-8043.738801,-1491.936715,-4713.581486,-983.0109257
-248.3032715,-6947.19815,-5915.257028,-462.070408,-3981.997447,-4958.298068,-6978.679174,-559.5864816,-1591.585112,-4413.587844,-2967.03731,-5516.371471,-5412.459764,-4781.691198,-4844.308667,-4702.410315,-3005.440257,-1054.602114,-4071.522117,-5045.703448,-2582.327828,-9538.989537,-4396.934844,-4819.79812,-1048.714095,-8914.971103,-1342.958887,-3559.588073,-4092.738843,-1327.705548,-3468.803826,-607.858751,-4764.260645,-4655.057267,-3520.062254,-3293.50269,-625.8096657,-7801.233842,-1080.465573,-4624.199841,-974.0870932,,-3468.803826,-607.858751,-4764.260645,-4655.057267,-3520.062254,-3293.50269,-625.8096657,-7801.233842,-1080.465573,-4624.199841,-974.0870932
-212.6879243,-5732.540758,-5202.351373,-397.6901211,-3250.842632,-4767.068218,-6724.29765,-460.5509572,-1382.956474,-4232.086965,-2867.016439,-5201.583797,-5135.156914,-4666.255601,-4649.709623,-4467.618836,-2700.014882,-1030.359588,-3917.954564,-4852.069608,-2104.808121,-8892.849871,-4277.291076,-4702.422633,-1017.695248,-8563.03944,-1207.902092,-3387.436459,-3927.480608,-538.2813135,-3387.570562,-563.1698752,-4653.92708,-4636.919352,-3345.470658,-2948.499024,-510.013018,-7544.967251,-578.0535071,-4556.858131,-927.4623866,,-3387.570562,-563.1698752,-4653.92708,-4636.919352,-3345.470658,-2948.499024,-510.013018,-7544.967251,-578.0535071,-4556.858131,-927.4623866
-203.9192337,-4515.928435,-4435.086705,-377.7950943,-2572.28264,-4559.132056,-6595.490234,-425.9180651,-1249.860397,-4038.500727,-2706.255242,-4897.679629,-4816.908822,-4532.78471,-4483.892647,-4213.999045,-2566.429706,-1001.132702,-3823.320829,-4630.822087,-1887.672854,-8718.552435,-4139.59589,-4565.508553,-987.4009125,-8444.483143,-1076.745233,-3190.266032,-3778.70957,-512.6157548,-3291.519835,-524.4738035,-4537.270222,-4470.211452,-3149.707339,-2830.816131,-464.9924125,-7341.488184,-552.2245764,-4442.052132,-913.6103809,,-3291.519835,-524.4738035,-4537.270222,-4470.211452,-3149.707339,-2830.816131,-464.9924125,-7341.488184,-552.2245764,-4442.052132,-913.6103809
-202.6994365,-3400.901378,-3647.820184,-374.4186969,-2028.855364,-4321.490311,-6450.817138,-420.9592221,-1158.836703,-3817.451618,-2595.813914,-4762.488178,-4462.142086,-4417.831426,-4323.407279,-4012.168636,-2432.459003,-966.2411953,-3607.625571,-4374.81216,-1734.557261,-8564.222793,-3976.932555,-4438.490785,-954.3729167,-8326.048045,-985.8174659,-2961.781875,-3760.023714,-489.1520991,-3193.483158,-488.5614675,-4526.316528,-4389.939501,-2923.827742,-2723.686692,-436.0076046,-7082.820151,-526.1680529,-4361.482765,-899.553538,,-3193.483158,-488.5614675,-4526.316528,-4389.939501,-2923.827742,-2723.686692,-436.0076046,-7082.820151,-526.1680529,-4361.482765,-899.553538
,-3037.460343,-3082.884056,-374.2279471,-1988.324851,-4066.857867,-6284.919997,-417.8341592,-1106.839276,-3579.669485,-2501.097233,-4412.843445,-4168.351673,-4335.449738,-4317.121709,-3815.057915,-2308.663569,-925.3995508,-3474.148413,-4087.455197,-1589.009996,-8443.539608,-3789.655888,-4350.932944,-930.0823292,-8209.003352,-954.1769563,-2705.025904,-3542.329922,-463.2368057,-3125.074691,-478.4323901,-4494.545547,-4337.820748,-2672.593565,-2642.325969,-399.294203,-6909.470024,-497.1152787,-4279.55191,-884.5120253,,-3125.074691,-478.4323901,-4494.545547,-4337.820748,-2672.593565,-2642.325969,-399.294203,-6909.470024,-497.1152787,-4279.55191,-884.5120253
,-2975.893027,-2780.676258,,-1594.636159,-3914.009623,-6138.120816,-417.5928862,-1079.541534,-3417.601139,-2386.887422,-4309.466053,-3984.302508,-4199.764084,-4158.615748,-3725.769301,-2184.78562,-880.4533105,-3353.26286,-3791.323326,-1501.629165,-8253.130963,-3594.925152,-4348.840958,-901.9550404,-8088.140218,-874.6102741,-2438.604275,-3504.92872,-435.4840397,-3083.721982,-455.7070797,-4216.392215,-4224.784324,-2429.143203,-2522.118418,-378.4935795,-6627.874223,-465.610204,-4236.942278,-878.4273677,,-3083.721982,-455.7070797,-4216.392215,-4224.784324,-2429.143203,-2522.118418,-378.4935795,-6627.874223,-465.610204,-4236.942278,-878.4273677
,-1730.108855,-2240.891673,,-1494.301283,-3863.145964,-6010.856669,-417.4596684,-1050.022877,-3342.087328,-2298.951972,-3817.517608,-3682.060063,-4119.747118,-3837.370924,-3540.569351,-2080.647858,-871.3580279,-3216.165084,-3736.22478,-1428.651115,-8113.643485,-3485.258121,-4167.268648,-891.1488882,-7979.012742,-840.7804652,-2382.688577,-3172.946573,-412.0618184,-2982.656185,-412.5254077,-4126.475113,-4152.144384,-2298.666633,-2437.552086,-359.6775933,-6447.880879,-435.8788633,-4139.358354,-865.17709,,-2982.656185,-412.5254077,-4126.475113,-4152.144384,-2298.666633,-2437.552086,-359.6775933,-6447.880879,-435.8788633,-4139.358354,-865.17709
,-1451.403097,-1995.650452,,-1439.839839,-3542.076032,-5957.600554,,-1038.021828,-3082.391471,-2212.979555,-3609.439865,-3514.723119,-4029.624309,-3736.888882,-3524.262759,-2003.571024,-825.1755368,-3104.774621,-3390.935025,-1387.554912,-8025.194438,-3427.553125,-4090.851771,-845.9335577,-7875.742958,-814.9929397,-2079.242738,-3045.373817,-397.2011612,-2919.073807,-400.6322788,-4041.523795,-4082.479473,-2268.383898,-2400.783548,-346.2488594,-6253.839338,-418.6528614,-4102.486704,-839.6395724,,-2919.073807,-400.6322788,-4041.523795,-4082.479473,-2268.383898,-2400.783548,-346.2488594,-6253.839338,-418.6528614,-4102.486704,-839.6395724
,-1255.789855,-1760.085733,,-1371.772476,-3413.887134,-5741.276116,,-1032.640839,-2967.430352,-2179.784389,-3423.093882,-3336.515189,-3928.020954,-3626.592189,-3208.267544,-1883.417711,-806.0097418,-2984.161871,-3269.958995,-1343.967613,-7824.896438,-3287.440424,-3947.584589,-823.1929696,-7758.095152,-810.522658,-1969.298783,-2932.001601,-396.5554578,-2880.232515,-388.8386673,-3967.97339,-4065.813078,-2073.632465,-2270.551411,-333.662299,-6063.3579,-409.8847488,-3958.146482,-829.0766986,,-2880.232515,-388.8386673,-3967.97339,-4065.813078,-2073.632465,-2270.551411,-333.662299,-6063.3579,-409.8847488,-3958.146482,-829.0766986
,-1202.834965,-1547.058054,,-1338.869859,-3308.438071,-5623.936111,,-1024.870883,-2862.796224,-2093.394099,-3333.106838,-3150.960494,-3849.493928,-3500.383831,-3095.916671,-1802.169912,-800.7432287,-2878.765659,-3162.994706,-1328.590043,-7696.210328,-3215.721376,-3875.584207,-804.7135134,-7657.080811,-783.649703,-1871.55318,-2878.67268,-368.5720209,-2786.6395,-377.0909536,-3873.604427,-3972.537964,-2003.394517,-2202.372416,-326.4132448,-5891.850891,-387.0839049,-3887.606868,-817.0182987,,-2786.6395,-377.0909536,-3873.604427,-3972.537964,-2003.394517,-2202.372416,-326.4132448,-5891.850891,-387.0839049,-3887.606868,-817.0182987
,-985.0550014,-1523.066546,,-1310.820884,-3284.373162,-5542.361319,,-1021.953308,-2797.467487,-2083.693156,-3103.112995,-3056.353318,-3776.822286,-3366.54585,-3018.699536,-1754.653952,-766.5702342,-2768.316255,-3088.485219,-1290.413653,-7614.166608,-3083.421033,-3794.857254,-780.5237012,-7558.599009,-778.1618042,-1802.431444,-2724.695487,-357.5433823,-2727.481375,-366.9631446,-3798.84506,-3955.901762,-1818.098579,-2187.657085,-317.2301756,-5737.894041,-374.69118,-3818.979347,-802.6388108,,-2727.481375,-366.9631446,-3798.84506,-3955.901762,-1818.098579,-2187.657085,-317.2301756,-5737.894041,-374.69118,-3818.979347,-802.6388108
,-917.506384,-1443.992892,,-1290.86627,-3139.600277,-5386.162567,,-1020.683502,-2685.594508,-1932.199182,-2998.227793,-2954.728699,-3665.928938,-3310.617392,-2904.895129,-1647.014419,-750.4680437,-2687.838572,-2978.254983,-1277.105401,-7429.936484,-3012.673182,-3702.35107,-762.8262044,-7453.81151,-748.8293714,-1701.793432,-2649.507044,-338.6953537,-2682.607379,-361.1617,-3744.609196,-3797.742175,-1739.832058,-2064.721985,-312.4011561,-5627.343229,-372.6470054,-3775.363332,-786.7759837,,-2682.607379,-361.1617,-3744.609196,-3797.742175,-1739.832058,-2064.721985,-312.4011561,-5627.343229,-372.6470054,-3775.363332,-786.7759837
,-772.125957,-1121.554226,,-1275.314001,-3090.949971,-5282.301014,,-1018.736909,-2621.312017,-1874.264067,-2767.716532,-2720.394209,-3605.467704,-3143.201938,-2834.073687,-1582.649655,-739.5936813,-2570.782517,-2908.166314,-1267.298502,-7311.264651,-2937.79163,-3618.159181,-744.2320131,-7361.134867,-740.1262452,-1636.450678,-2495.916467,-329.8567652,-2606.849796,-356.6508733,-3647.29203,-3732.002557,-1662.289816,-2007.246242,-307.9522964,-5444.008949,-350.3896247,-3689.231439,-783.7375882,,-2606.849796,-356.6508733,-3647.29203,-3732.002557,-1662.289816,-2007.246242,-307.9522964,-5444.008949,-350.3896247,-3689.231439,-783.7375882
,-723.6002575,-1047.613383,,-1265.665199,-2931.403569,-5184.457198,,-1018.054285,-2522.708088,-1832.955421,-2655.425925,-2630.930715,-3536.303697,-3086.501709,-2765.789426,-1547.133097,-719.3118442,-2491.524693,-2893.310078,-1263.99726,-7219.449915,-2861.104364,-3548.459614,-728.8418834,-7263.589356,-733.9599049,-1619.430891,-2415.616704,-320.3233624,-2553.389177,-352.2638741,-3580.107467,-3674.210044,-1589.497639,-1994.60986,-304.2528609,-5321.634865,-340.7336009,-3638.465939,-756.6711817,,-2553.389177,-352.2638741,-3580.107467,-3674.210044,-1589.497639,-1994.60986,-304.2528609,-5321.634865,-340.7336009,-3638.465939,-756.6711817
,-681.7550196,-982.219326,,-1263.231005,-2866.512781,-5171.749023,,-1017.690309,-2467.047494,-1773.236002,-2541.62296,-2538.070032,-3455.504334,-3022.364465,-2718.255615,-1458.231338,-706.3428009,-2405.929123,-2779.189279,-1255.417653,-7070.556358,-2837.367234,-3512.486992,-711.6138232,-7214.183481,-732.3432368,-1514.900815,-2330.208398,-309.8672379,-2502.633264,-349.2460368,-3532.922343,-3656.801422,-1527.219874,-1890.29078,-301.6921011,-5278.390695,-340.2042648,-3547.917396,-748.0172841,,-2502.633264,-349.2460368,-3532.922343,-3656.801422,-1527.219874,-1890.29078,-301.6921011,-5278.390695,-340.2042648,-3547.917396,-748.0172841
,-648.2669002,-923.8895514,,-1252.755933,-2805.684642,-5043.326072,,-1017.31676,-2409.060242,-1734.398165,-2434.169708,-2439.875359,-3370.615657,-2948.45546,-2658.948397,-1407.914093,-694.0195576,-2322.142621,-2731.898467,-1252.92664,-6964.165359,-2797.694219,-3404.12241,-699.6825426,-7114.228594,-725.4214615,-1469.630141,-2242.407945,-300.4189037,-2498.563755,-346.4836502,-3443.3568,-3568.360817,-1473.86062,-1843.394799,-299.7239011,-5078.896307,-321.114955,-3493.606154,-738.0593424,,-2498.563755,-346.4836502,-3443.3568,-3568.360817,-1473.86062,-1843.394799,-299.7239011,-5078.896307,-321.114955,-3493.606154,-738.0593424
,-624.3860905,-911.1078185,,-1249.244637,-2756.975944,-5038.766725,,-1017.156213,-2351.078823,-1694.693314,-2340.508071,-2366.789127,-3310.417462,-2865.943463,-2624.241568,-1373.514665,-689.6141411,-2247.538277,-2656.313429,-1246.480185,-6862.725352,-2670.766036,-3341.396733,-682.0666997,-7100.359178,-723.0861066,-1401.789743,-2223.243665,-293.2808333,-2432.453321,-344.7031126,-3382.711172,-3531.710774,-1430.174872,-1820.622354,-298.4584444,-4977.329193,-313.2939836,-3433.406133,-726.0417447,,-2432.453321,-344.7031126,-3382.711172,-3531.710774,-1430.174872,-1820.622354,-298.4584444,-4977.329193,-313.2939836,-3433.406133,-726.0417447
,-606.8778453,-875.4615535,,-1243.222711,-2700.592092,-4798.993491,,-1017.051371,-2327.640134,-1660.875192,-2259.908273,-2302.073174,-3257.082712,-2785.736321,-2568.509858,-1313.36431,-674.9440038,-2181.194935,-2620.168017,-1244.514345,-6851.753478,-2628.746156,-3293.325058,-670.6140172,-6907.464273,-717.7931673,-1367.738985,-2177.343268,-288.8457946,-2335.128173,-342.7691696,-3333.892067,-3427.900906,-1379.930767,-1752.137363,-296.8630481,-4968.802747,-311.2641213,-3368.646877,-711.9123752,,-2335.128173,-342.7691696,-3333.892067,-3427.900906,-1379.930767,-1752.137363,-296.8630481,-4968.802747,-311.2641213,-3368.646877,-711.9123752
,-594.5584956,-803.7585975,,-1241.187343,-2659.988265,-4709.306565,,,-2296.421122,-1626.622786,-2197.581687,-2286.392941,-3191.550952,-2742.564526,-2537.73787,-1274.892878,-671.0182359,-2137.438049,-2582.169783,-1242.973789,-6722.381976,-2586.195254,-3216.501887,-658.3830671,-6823.885649,-715.9371262,-1331.453673,-2011.135004,-279.5633483,-2300.147562,-341.7915364,-3260.977908,-3377.399562,-1342.724225,-1715.078582,-295.9468944,-4764.930978,-297.7097817,-3346.754938,-699.1131012,,-2300.147562,-341.7915364,-3260.977908,-3377.399562,-1342.724225,-1715.078582,-295.9468944,-4764.930978,-297.7097817,-3346.754938,-699.1131012
,-582.2489275,-784.8721795,,-1239.43016,-2641.475465,-4639.629608,,,-2218.181846,-1601.217279,-2115.418672,-2176.797026,-3139.334654,-2735.295778,-2507.330025,-1241.903477,-649.2601588,-2056.762612,-2542.186797,-1241.988824,-6532.767451,-2541.958703,-3162.372323,-646.4203465,-6760.014268,-714.3250253,-1292.680546,-1957.431279,-273.9367426,-2259.598886,-340.0315993,-3207.376339,-3324.337197,-1314.852894,-1686.925848,-295.5909391,-4677.615189,-291.4880152,-3310.297007,-691.9471668,,-2259.598886,-340.0315993,-3207.376339,-3324.337197,-1314.852894,-1686.925848,-295.5909391,-4677.615189,-291.4880152,-3310.297007,-691.9471668
,-574.6315386,-766.6023173,,-1237.982721,-2586.262609,-4544.68341,,,-2190.821513,-1597.300859,-2057.444405,-2128.122909,-3085.076242,-2668.826434,-2480.499577,-1204.582863,-640.114672,-2005.619263,-2509.768484,-1240.978833,-6464.102419,-2517.048035,-3108.911819,-636.1628486,-6662.112426,-713.0421944,-1258.725814,-1902.806253,-269.125841,-2211.036755,-339.2049976,-3155.868396,-3272.226841,-1275.836429,-1646.159401,-294.5155432,-4664.006254,-287.7996046,-3189.0924,-677.6948707,,-2211.036755,-339.2049976,-3155.868396,-3272.226841,-1275.836429,-1646.159401,-294.5155432,-4664.006254,-287.7996046,-3189.0924,-677.6948707
,-569.713341,-748.5519752,,-1237.532595,-2558.322988,-4476.567904,,,-2163.55009,-1557.482059,-2021.442451,-2102.122424,-3051.795793,-2646.638261,-2457.483996,-1176.089016,-632.0167669,-1998.367313,-2485.561271,-1240.422607,-6384.708393,-2485.714303,-3087.028541,-626.9837241,-6593.092603,-711.9980997,-1234.952657,-1845.409686,-263.4207936,-2154.066021,-338.4737828,-3147.994524,-3220.42097,-1249.564637,-1618.273128,-294.0587548,-4496.177426,-279.6394802,-3144.259361,-669.0300797,,-2154.066021,-338.4737828,-3147.994524,-3220.42097,-1249.564637,-1618.273128,-294.0587548,-4496.177426,-279.6394802,-3144.259361,-669.0300797
,-563.6347111,-733.6213238,,-1236.871356,-2556.044645,-4401.494252,,,-2135.821002,-1542.689901,-1949.833017,-2038.790155,-2995.36596,-2576.690248,-2438.940589,-1147.369948,-628.3563846,-1902.580646,-2476.059324,-1240.26907,-6289.950395,-2434.697634,-3024.051178,-620.4244946,-6518.889076,-711.243759,-1221.012139,-1815.062302,-259.0364745,-2096.927103,-337.9605133,-3084.827929,-3173.852981,-1229.12369,-1590.988103,-293.9396144,-4420.895325,-274.8574232,-3096.781345,-659.6974001,,-2096.927103,-337.9605133,-3084.827929,-3173.852981,-1229.12369,-1590.988103,-293.9396144,-4420.895325,-274.8574232,-3096.781345,-659.6974001
,-560.2430489,-724.0556015,,-1235.684075,-2504.88711,-4325.842797,,,-2118.943753,-1505.667677,-1907.069752,-2004.724675,-2972.941524,-2547.708272,-2427.266895,-1127.870437,-617.757875,-1861.135321,-2440.736539,-1239.641634,-6179.317964,-2412.998438,-3008.376882,-610.0278926,-6454.199341,-710.7370799,-1191.60463,-1772.193582,-254.4914687,-2063.924321,-337.4085328,-2992.273767,-3135.349919,-1202.691796,-1575.804169,-293.3191419,-4388.547116,-270.6198971,-3044.846378,-650.8052992,,-2063.924321,-337.4085328,-2992.273767,-3135.349919,-1202.691796,-1575.804169,-293.3191419,-4388.547116,-270.6198971,-3044.846378,-650.8052992
,-557.9573508,-717.4940152,,-1235.391887,-2484.263964,-4259.661511,,,-2100.028418,-1489.960774,-1881.49557,-1976.493306,-2889.468466,-2519.186771,-2407.280656,-1101.701111,-612.6900584,-1792.422743,-2423.648844,-1239.418766,-6069.779719,-2389.255781,-2907.883518,-603.1147306,-6379.96305,-710.1117126,-1174.801297,-1698.329716,-251.1190303,-2021.057955,-337.0688817,-2958.360478,-3080.435297,-1184.229,-1547.655684,-293.079585,-4270.988669,-270.3562066,-3013.879187,-641.5239154,,-2021.057955,-337.0688817,-2958.360478,-3080.435297,-1184.229,-1547.655684,-293.079585,-4270.988669,-270.3562066,-3013.879187,-641.5239154
,-555.3586262,-709.0551071,,-1235.13421,-2454.43627,-4198.632219,,,-2072.987973,-1474.280599,-1827.469449,-1944.682379,-2848.260527,-2493.290004,-2395.646015,-1088.839408,-601.846396,-1757.27415,-2413.687557,-1239.132552,-6007.215856,-2362.723062,-2864.495944,-600.920212,-6323.692923,-709.7428938,-1161.881073,-1667.239554,-246.815385,-1989.694843,,-2919.268425,-3038.674194,-1167.999837,-1536.463698,,-4209.934538,-264.6688117,-2972.754512,-633.5380587,,-1989.694843,,-2919.268425,-3038.674194,-1167.999837,-1536.463698,,-4209.934538,-264.6688117,-2972.754512,-633.5380587
,-553.8472964,-703.9788286,,-1234.906638,-2440.01907,-4155.198731,,,-2061.026221,-1459.163074,-1795.665377,-1921.125049,-2809.655558,-2467.773765,-2392.188021,-1057.19989,-596.3418558,-1718.360738,-2392.98498,-1239.022253,-5923.392388,-2335.672782,-2825.993933,-589.587457,-6248.514152,-709.5239314,-1145.05074,-1632.803428,-244.2844395,-1954.522233,,-2872.79614,-3008.310091,-1151.743098,-1500.223251,,-4163.77971,-264.3395088,-2902.788104,-628.8700362,,-1954.522233,,-2872.79614,-3008.310091,-1151.743098,-1500.223251,,-4163.77971,-264.3395088,-2902.788104,-628.8700362
,-552.6895995,-699.5008525,,-1234.755618,-2424.562753,-4081.503487,,,-2048.129679,-1457.798457,-1773.272001,-1897.291641,-2791.058597,-2446.805484,-2374.772657,-1041.110521,-590.5968922,-1674.586172,-2381.413045,-1238.921818,-5863.381016,-2329.639071,-2813.039823,-584.1414073,-6194.683221,-709.1763997,-1133.547397,-1593.596557,-239.2403643,-1917.184526,,-2818.836539,-2953.472634,-1138.974261,-1483.410614,,-4094.218558,-254.8221562,-2870.292446,-617.5687208,,-1917.184526,,-2818.836539,-2953.472634,-1138.974261,-1483.410614,,-4094.218558,-254.8221562,-2870.292446,-617.5687208
,,-697.2225576,,-1234.654254,-2407.867706,-4032.097341,,,-2034.052315,-1448.903029,-1737.325789,-1878.892641,-2740.833229,-2431.357949,-2366.980883,-1025.821626,-584.8750948,-1633.69767,-2372.009229,,-5796.646853,-2291.301707,-2757.471893,,-6133.919625,-708.9909593,-1122.672837,-1552.801083,-236.3191271,-1908.588197,,-2766.168527,-2915.286185,-1126.328244,-1467.722609,,-4046.304785,-251.4968557,-2833.152867,-610.6676573,,-1908.588197,,-2766.168527,-2915.286185,-1126.328244,-1467.722609,,-4046.304785,-251.4968557,-2833.152867,-610.6676573
,,-693.4647412,,,-2392.046812,-4020.614377,,,-2019.905673,-1420.821053,-1714.26957,-1858.934173,-2717.463778,-2408.118848,-2366.310542,-1015.499514,-584.515582,-1602.935754,-2361.333328,,-5726.941193,-2280.202529,-2735.023319,,-6067.978977,-708.8750457,-1117.312504,-1544.796069,-233.3160503,-1894.297638,,-2736.433006,-2886.409883,-1118.048922,-1457.768578,,-3999.013436,-248.8851094,-2789.33055,-610.1596745,,-1894.297638,,-2736.433006,-2886.409883,-1118.048922,-1457.768578,,-3999.013436,-248.8851094,-2789.33055,-610.1596745
,,-692.0436726,,,-2381.683634,-3931.369538,,,-2015.156763,-1412.672758,-1694.121747,-1846.178388,-2659.81644,-2392.287135,-2352.300312,-999.7730015,-581.4787269,-1583.195094,-2353.609225,,-5718.59479,-2268.06393,-2670.870701,,-6041.189193,-708.7063285,-1106.71164,-1482.711714,-230.7325963,-1817.004807,,-2695.101998,-2837.277425,-1107.298386,-1440.475911,,-3973.343403,,-2741.4843,-595.880668,,-1817.004807,,-2695.101998,-2837.277425,-1107.298386,-1440.475911,,-3973.343403,,-2741.4843,-595.880668
,,-688.2028488,,,-2373.512188,-3889.453267,,,-1998.415604,-1404.684477,-1673.146523,-1826.449341,-2630.38094,-2382.483835,-2346.938391,-990.5065252,-569.4952824,-1542.677216,-2346.038435,,-5695.699589,-2254.354572,-2640.468907,,-6008.230902,,-1103.340122,-1464.470752,-227.7962616,-1790.906443,,-2666.20081,-2802.505748,-1102.503206,-1430.632654,,-3923.120626,,-2728.780248,-589.5277975,,-1790.906443,,-2666.20081,-2802.505748,-1102.503206,-1430.632654,,-3923.120626,,-2728.780248,-589.5277975
,,-686.6702993,,,-2363.225505,-3822.370679,,,-1993.264637,-1396.506507,-1656.71713,-1814.693828,-2599.664948,-2362.234867,-2345.886761,-976.0247738,-565.8823527,-1517.372744,-2340.963815,,-5539.183844,-2239.57707,-2609.158711,,-5891.869883,,-1089.455485,-1444.246257,-225.533312,-1765.019881,,-2634.328831,-2771.610225,-1089.322875,-1414.623724,,-3903.010861,,-2654.407836,-578.8771398,,-1765.019881,,-2634.328831,-2771.610225,-1089.322875,-1414.623724,,-3903.010861,,-2654.407836,-578.8771398
,,-685.3724181,,,-2356.011869,-3785.821776,,,-1987.690552,-1391.582482,-1640.073621,-1802.794975,-2570.234025,-2349.997548,-2336.974048,-967.6610147,-562.3158238,-1495.884891,-2334.484633,,-5489.809152,-2227.983663,-2579.480667,,-5847.439347,,-1083.707349,-1420.966376,-224.7972812,-1739.776248,,-2601.589575,-2732.977494,-1083.04902,-1405.529575,,-3835.973365,,-2630.024324,-573.1827665,,-1739.776248,,-2601.589575,-2732.977494,-1083.04902,-1405.529575,,-3835.973365,,-2630.024324,-573.1827665
,,-684.5919547,,,-2349.19322,-3744.625201,,,-1981.524878,-1385.588287,-1627.96479,-1792.16224,-2541.232622,-2342.081136,-2333.316395,-958.8814537,-558.657611,-1469.351178,-2331.176292,,-5442.122679,-2222.390373,-2549.463538,,-5801.111295,,-1078.763555,-1395.275115,-221.1737153,-1714.477033,,-2574.083755,-2701.950872,-1077.40796,-1395.910843,,-3804.231672,,-2602.187157,-566.6631689,,-1714.477033,,-2574.083755,-2701.950872,-1077.40796,-1395.910843,,-3804.231672,,-2602.187157,-566.6631689
,,-683.4446601,,,-2346.104527,-3697.398906,,,-1975.006625,,-1613.835145,-1782.579692,-2515.94228,-2326.827812,-2331.614442,-950.066203,-557.1114741,-1449.169238,-2324.054514,,-5397.497646,-2209.421874,-2523.587814,,-5752.24863,,-1076.610445,-1374.545722,-219.4336573,-1691.965277,,-2547.954259,-2669.8397,-1074.425443,-1386.098541,,-3774.40737,,-2569.031447,-559.0125876,,-1691.965277,,-2547.954259,-2669.8397,-1074.425443,-1386.098541,,-3774.40737,,-2569.031447,-559.0125876
,,-682.8370906,,,-2339.400247,-3651.913602,,,-1969.700988,,-1605.904761,-1774.814956,-2496.996163,-2317.378268,-2326.838376,-947.4647923,-554.2231855,-1428.518301,-2320.453488,,-5349.360285,-2202.788877,-2504.005396,,-5735.835412,,-1070.731692,-1364.209507,-216.2775585,-1671.132217,,-2526.622532,-2652.680228,-1068.299953,-1382.574637,,-3755.67118,,-2530.815723,-551.2379877,,-1671.132217,,-2526.622532,-2652.680228,-1068.299953,-1382.574637,,-3755.67118,,-2530.815723,-551.2379877
,,-682.0091627,,,-2337.682667,-3617.409944,,,-1967.109823,,-1590.116688,-1770.398492,-2466.634732,-2309.965057,-2324.485527,-943.1608423,-549.011279,-1414.776468,-2317.065794,,-5308.435192,-2196.335919,-2473.016734,,-5699.379497,,-1068.202666,-1340.171989,-214.5964976,-1647.600989,,-2497.69157,-2618.136513,-1065.407444,-1377.398471,,-3721.70975,,-2497.85922,-545.3326308,,-1647.600989,,-2497.69157,-2618.136513,-1065.407444,-1377.398471,,-3721.70975,,-2497.85922,-545.3326308
,,-681.5830772,,,-2328.221906,-3594.299568,,,-1962.45163,,-1581.53214,-1761.100034,-2445.311084,-2299.845835,-2322.698949,-928.9959152,-546.9775655,-1394.458092,-2314.64261,,-5272.82936,-2191.306075,-2451.083288,,-5613.177481,,-1062.55002,-1327.462764,-212.7340966,-1627.820908,,-2476.055932,-2607.75019,-1059.461865,-1362.319773,,-3702.130331,,-2480.472009,-540.7295421,,-1627.820908,,-2476.055932,-2607.75019,-1059.461865,-1362.319773,,-3702.130331,,-2480.472009,-540.7295421
,,-681.1683399,,,-2324.482312,-3548.104438,,,-1959.91039,,-1573.221318,-1755.91667,-2433.272216,-2292.719515,-2320.488776,-924.4326536,-544.7463849,-1384.566457,-2311.511681,,-5227.885914,-2185.128226,-2437.617211,,-5580.712463,,-1059.956117,-1314.821001,-210.650285,-1609.025695,,-2464.313528,-2551.098011,-1056.575577,-1357.141886,,-3669.515175,,-2441.516454,-533.2790258,,-1609.025695,,-2464.313528,-2551.098011,-1056.575577,-1357.141886,,-3669.515175,,-2441.516454,-533.2790258
,,-680.7829523,,,-2321.418377,-3518.139277,,,-1957.39621,,-1566.991284,-1755.500475,-2402.243521,-2285.967437,-2318.999083,-919.9136978,-542.2140036,-1358.591364,-2309.549194,,-5192.295077,-2180.846423,-2406.93267,,-5545.037187,,-1057.398948,-1304.61674,-209.0278911,-1588.849733,,-2432.640771,-2524.705201,-1053.71506,-1351.884634,,-3650.728507,,-2419.267862,-527.8970035,,-1588.849733,,-2432.640771,-2524.705201,-1053.71506,-1351.884634,,-3650.728507,,-2419.267862,-527.8970035
,,-680.611869,,,-2320.713552,-3492.02612,,,-1955.244465,,-1559.222341,-1746.103185,-2383.650575,-2283.592232,-2317.568174,-915.3376969,-539.5891988,-1345.109646,-2306.948454,,-5160.562737,-2180.159399,-2387.813999,,-5503.984292,,-1055.054056,-1292.162887,-207.4999637,-1571.515081,,-2414.01096,-2501.26041,-1051.103309,-1346.404991,,-3630.634136,,-2396.159921,-522.644764,,-1571.515081,,-2414.01096,-2501.26041,-1051.103309,-1346.404991,,-3630.634136,,-2396.159921,-522.644764
,,-680.4291678,,,-2316.568461,-3459.735383,,,-1953.147395,,-1554.111009,-1742.36247,-2373.56778,-2276.317877,-2316.620378,-913.2109221,-539.2577025,-1331.984679,-2305.380319,,-5122.171302,-2172.987671,-2375.79822,,-5464.16306,,-1053.019247,-1283.189665,-207.3597511,-1553.702034,,-2407.044508,-2495.822693,-1048.830658,-1343.093103,,-3609.906742,,-2376.214684,-521.4541404,,-1553.702034,,-2407.044508,-2495.822693,-1048.830658,-1343.093103,,-3609.906742,,-2376.214684,-521.4541404
,,-680.0583334,,,-2315.246416,-3434.43748,,,-1951.540882,,-1547.433702,-1736.413945,-2345.770928,-2275.200297,-2315.39409,-909.9606359,-535.0213505,-1322.756489,-2303.747995,,-5091.288234,-2170.118304,-2349.253738,,-5432.065817,,-1051.310771,-1281.260036,-204.1561024,-1545.642228,,-2375.433796,-2460.63124,-1046.933268,-1339.181624,,-3602.62871,,-2352.419007,-514.8790066,,-1545.642228,,-2375.433796,-2460.63124,-1046.933268,-1339.181624,,-3602.62871,,-2352.419007,-514.8790066
,,-679.9380978,,,-2310.813415,-3408.077659,,,-1950.783327,,-1543.224303,-1733.631054,-2329.389992,-2263.543749,-2314.750419,-904.2001476,-533.8261679,-1308.583612,-2302.115754,,-5060.999722,-2164.397501,-2332.554164,,-5408.347038,,-1049.985631,-1266.267242,-202.7079113,-1527.359531,,-2358.778591,-2448.814864,-1045.519957,-1333.238553,,-3591.185466,,-2334.017868,-514.5368857,,-1527.359531,,-2358.778591,-2448.814864,-1045.519957,-1333.238553,,-3591.185466,,-2334.017868,-514.5368857
,,-679.8232655,,,-2309.063113,-3390.325876,,,-1948.715842,,-1538.757458,-1730.671381,-2318.184209,-2259.140878,-2313.501389,-901.9807293,-532.5041427,-1299.760949,-2301.325379,,-5054.47634,-2161.787124,-2319.599468,,-5367.91948,,-1048.305696,-1259.851472,-202.1180106,-1525.834243,,-2351.565158,-2403.13051,-1043.598496,-1330.581119,,-3557.6337,,-2328.357338,-501.9490053,,-1525.834243,,-2351.565158,-2403.13051,-1043.598496,-1330.581119,,-3557.6337,,-2328.357338,-501.9490053
,,-679.7126685,,,-2307.425009,-3363.609417,,,-1947.661393,,-1534.189008,-1727.492411,-2296.633224,-2255.685442,-2312.865795,-899.5935082,-530.9795357,-1286.251081,-2300.487765,,-5020.771582,-2159.054744,-2299.570863,,-5340.081055,,-1047.127501,-1247.490714,-199.6457647,-1490.394296,,-2324.303603,-2382.732459,-1042.297417,-1327.654181,,-3545.776147,,-2297.756626,-497.0249143,,-1490.394296,,-2324.303603,-2382.732459,-1042.297417,-1327.654181,,-3545.776147,,-2297.756626,-497.0249143
,,,,,-2306.091791,-3350.604983,,,-1946.162228,,-1531.827228,-1724.633567,-2282.550331,-2251.527411,-2312.259172,-896.9563219,-529.2861846,-1277.991232,-2298.571749,,-4968.537463,-2156.190844,-2285.338635,,-5312.662429,,-1046.331161,-1241.49672,-198.3137321,-1475.967437,,-2309.551865,-2362.394591,-1041.514896,-1324.368726,,-3533.630335,,-2283.134155,-493.1481386,,-1475.967437,,-2309.551865,-2362.394591,-1041.514896,-1324.368726,,-3533.630335,,-2283.134155,-493.1481386
,,,,,-2304.604034,-3314.725946,,,-1945.348381,,-1529.397277,-1722.613568,-2270.030537,-2248.558278,-2311.775768,-894.337583,-527.8818987,-1269.042095,-2297.871074,,-4949.221446,-2154.347575,-2271.718492,,-5301.6844,,-1045.000065,-1235.073803,-197.2905222,-1465.368227,,-2299.736296,-2345.135169,-1039.932536,-1320.956676,,-3520.832902,,-2256.072984,-487.7426164,,-1465.368227,,-2299.736296,-2345.135169,-1039.932536,-1320.956676,,-3520.832902,,-2256.072984,-487.7426164
,,,,,-2303.518285,-3295.729499,,,-1944.484429,,-1523.895463,-1721.285219,-2255.260332,-2245.404705,-2311.268911,,-527.1478504,-1259.661585,-2297.168136,,-4927.162289,-2152.472367,-2268.721273,,-5268.74104,,-1044.165519,-1228.15962,-195.6215676,-1448.539841,,-2280.062114,-2323.088884,-1039.009259,-1319.664654,,-3513.16793,,-2241.634803,-483.8135636,,-1448.539841,,-2280.062114,-2323.088884,-1039.009259,-1319.664654,,-3513.16793,,-2241.634803,-483.8135636
,,,,,-2302.940877,-3277.061732,,,-1943.572683,,-1521.770806,-1718.930194,-2243.444166,-2242.370683,-2310.910302,,-525.6154306,-1255.706482,-2296.452704,,-4901.120497,-2149.542381,-2252.226847,,-5259.948569,,-1043.584502,-1223.320623,-194.4314778,-1437.082526,,-2267.413227,-2306.072782,-1038.461271,-1315.482341,,-3503.651921,,-2225.586934,-479.4495082,,-1437.082526,,-2267.413227,-2306.072782,-1038.461271,-1315.482341,,-3503.651921,,-2225.586934,-479.4495082
,,,,,-2301.5668,-3264.32297,,,-1942.834917,,-1519.596311,-1717.493212,-2230.999846,-2239.887991,-2310.792592,,-524.7741822,-1250.574301,-2295.984341,,-4871.318131,-2148.198342,-2251.686628,,-5207.960459,,-1042.656592,-1218.61721,-193.2044749,-1424.976253,,-2255.942566,-2297.738043,-1037.318926,-1314.105152,,-3488.843228,,-2207.594758,-475.063102,,-1424.976253,,-2255.942566,-2297.738043,-1037.318926,-1314.105152,,-3488.843228,,-2207.594758,-475.063102
,,,,,-2300.814038,-3243.047694,,,-1942.27725,,-1517.334583,-1716.257809,-2221.998024,-2237.689263,-2310.292598,,-523.9140258,-1236.183409,-2295.518904,,-4844.960352,-2146.733966,-2220.968925,,-5185.101348,,-1042.064772,-1211.546707,-192.4828495,-1414.793504,,-2242.981469,-2271.704465,-1036.659277,-1312.576147,,-3482.149376,,-2193.803949,-471.0490319,,-1414.793504,,-2242.981469,-2271.704465,-1036.659277,-1312.576147,,-3482.149376,,-2193.803949,-471.0490319
,,,,,-2300.60462,-3230.099256,,,-1942.083603,,-1515.783597,-1714.950072,-2209.809409,-2236.203906,-2310.073662,,-523.1500213,-1230.842337,,,-4831.088527,-2145.110861,-2209.576878,,-5164.464002,,-1041.582233,-1208.039301,-191.050722,-1402.7377,,-2232.409114,-2256.949517,-1036.185329,-1310.836788,,-3474.707584,,-2180.72577,-467.3731205,,-1402.7377,,-2232.409114,-2256.949517,-1036.185329,-1310.836788,,-3474.707584,,-2180.72577,-467.3731205
,,,,,-2299.3904,-3208.485974,,,-1941.222021,,-1514.259991,-1713.944882,-2203.151575,-2233.741087,-2309.719777,,-522.3484866,-1225.291241,,,-4803.636592,-2143.496881,-2200.955032,,-5156.075245,,-1041.013132,-1204.133847,-190.4001071,-1393.905405,,-2221.038719,-2254.729784,-1035.473735,-1308.931156,,-3466.241591,,-2180.284573,-464.9294659,,-1393.905405,,-2221.038719,-2254.729784,-1035.473735,-1308.931156,,-3466.241591,,-2180.284573,-464.9294659
,,,,,-2298.84183,-3195.416316,,,-1940.816425,,-1514.115296,-1712.927151,-2187.552344,-2232.197495,-2309.550895,,-521.7084577,-1219.370876,,,-4787.384263,-2142.432894,-2188.73366,,-5127.093402,,-1040.600145,-1199.705452,-188.3752254,-1381.834589,,-2211.601601,-2225.523951,-1035.011972,-1307.253306,,-3457.321216,,-2152.12615,-460.1613235,,-1381.834589,,-2211.601601,-2225.523951,-1035.011972,-1307.253306,,-3457.321216,,-2152.12615,-460.1613235
,,,,,-2298.701801,-3181.150551,,,-1940.592473,,-1511.259035,-1712.158965,-2178.818648,-2231.91487,-2309.377122,,-521.3824934,-1215.59746,,,-4770.405323,-2141.500601,-2180.210229,,-5113.994443,,-1040.205701,-1195.136603,-187.3056988,-1373.453075,,-2200.947016,-2211.909416,-1034.601746,-1306.385502,,-3454.349481,,-2139.83749,-457.0820317,,-1373.453075,,-2200.947016,-2211.909416,-1034.601746,-1306.385502,,-3454.349481,,-2139.83749,-457.0820317
,,,,,-2297.792269,-3166.15973,,,-1940.073722,,-1510.116271,-1711.306206,-2170.046368,-2229.246578,-2309.199482,,-520.4993178,-1211.238901,,,-4755.313211,-2140.500899,-2170.997992,,-5081.314973,,-1040.014361,-1194.622567,-186.2149195,-1364.0957,,-2193.730414,-2210.725887,,-1305.004426,,-3442.481676,,-2135.83476,-456.7862454,,-1364.0957,,-2193.730414,-2210.725887,,-1305.004426,,-3442.481676,,-2135.83476,-456.7862454
,,,,,-2297.388996,-3161.679349,,,-1939.788419,,-1509.593729,-1710.791791,-2163.437936,-2228.09447,-2309.071853,,-520.0106228,-1204.593366,,,-4738.685898,-2139.716293,-2162.179897,,-5064.84255,,-1039.63768,-1187.307178,-185.3698789,-1354.070078,,-2181.681047,-2182.199483,,-1304.163954,,-3438.617184,,-2113.958216,-450.626136,,-1354.070078,,-2181.681047,-2182.199483,,-1304.163954,,-3438.617184,,-2113.958216,-450.626136
,,,,,-2297.206124,-3153.796993,,,-1939.560914,,-1507.990012,-1709.89802,-2154.017478,-2226.242072,-2308.966388,,-519.3220116,-1201.46964,,,-4725.478372,-2138.91362,-2153.927562,,-5047.485985,,-1039.532636,-1185.242965,-184.0787632,-1350.141511,,-2173.955975,-2169.413349,,-1303.294012,,-3434.30177,,-2102.945976,-447.9012766,,-1350.141511,,-2173.955975,-2169.413349,,-1303.294012,,-3434.30177,,-2102.945976,-447.9012766
,,,,,-2296.641078,-3126.24147,,,-1939.284868,,-1507.175951,-1709.388774,-2147.729254,-2225.320988,,,-518.9137161,-1197.970683,,,-4720.313179,-2138.320851,-2146.779597,,-5030.294114,,-1039.00322,-1182.989223,-183.1689276,-1345.021285,,-2165.732122,-2165.058708,,-1302.489872,,-3429.330077,,-2095.298743,-443.0456645,,-1345.021285,,-2165.732122,-2165.058708,,-1302.489872,,-3429.330077,,-2095.298743,-443.0456645
,,,,,-2296.355792,-3116.584921,,,-1939.08895,,-1506.536543,-1708.883658,-2138.535101,-2224.32519,,,-518.459822,-1193.964626,,,-4700.005428,-2137.617956,-2142.807336,,-5014.05848,,-1038.788248,-1180.411966,-181.8706472,-1327.651084,,-2158.08654,-2142.371075,,-1301.758607,,-3423.803627,,-2080.964961,-440.5070214,,-1327.651084,,-2158.08654,-2142.371075,,-1301.758607,,-3423.803627,,-2080.964961,-440.5070214
,,,,,-2296.148954,-3106.625633,,,-1938.896332,,-1505.728256,-1708.463853,-2132.570561,-2223.237373,,,-517.9532244,-1189.701613,,,-4689.732027,-2137.215463,-2133.19373,,-4999.298405,,-1038.610609,-1177.620468,-180.9677859,-1321.116642,,-2150.400058,-2130.727025,,-1301.144056,,-3419.014968,,-2071.511548,-437.6314253,,-1321.116642,,-2150.400058,-2130.727025,,-1301.144056,,-3419.014968,,-2071.511548,-437.6314253
,,,,,-2295.848696,-3096.063694,,,-1938.767918,,-1505.161093,-1708.027502,-2125.972853,-2222.264453,,,-517.4943091,-1188.03499,,,-4672.076362,-2136.420056,-2127.704538,,-4986.780159,,,-1175.844395,-179.9198273,-1314.34413,,-2143.978766,-2122.792768,,-1300.762208,,-3416.521316,,-2062.324762,-434.2988872,,-1314.34413,,-2143.978766,-2122.792768,,-1300.762208,,-3416.521316,,-2062.324762,-434.2988872
,,,,,-2295.652962,-3090.849355,,,-1938.595441,,-1504.594049,-1707.705466,-2118.895592,-2221.540255,,,-517.1474475,-1182.59712,,,-4662.369318,-2135.977941,-2119.350532,,-4970.211604,,,-1175.138249,-178.7131492,-1307.214749,,-2140.791372,-2107.305627,,-1300.022259,,-3411.983877,,-2058.925875,-431.1283185,,-1307.214749,,-2140.791372,-2107.305627,,-1300.022259,,-3411.983877,,-2058.925875,-431.1283185
,,,,,-2295.468652,-3082.697812,,,,,-1504.179963,-1707.604864,-2115.506011,-2221.114623,,,-516.9658178,-1180.734303,,,-4651.613925,-2135.54212,-2114.354068,,-4957.366449,,,-1171.640935,-177.8410975,-1304.436387,,-2131.679843,-2097.196205,,-1299.578503,,-3409.331597,,-2047.563467,-428.5675071,,-1304.436387,,-2131.679843,-2097.196205,,-1299.578503,,-3409.331597,,-2047.563467,-428.5675071
,,,,,,-3067.635874,,,,,-1503.673859,-1707.134859,-2111.459052,-2220.162715,,,-516.4572608,-1178.636626,,,-4639.637663,-2135.201315,-2108.7781,,-4947.643317,,,-1170.162237,-176.9962269,-1299.012898,,-2126.682152,-2087.490865,,,,-3406.592331,,-2044.514976,-426.9947402,,-1299.012898,,-2126.682152,-2087.490865,,,,-3406.592331,,-2044.514976,-426.9947402
,,,,,,-3061.33513,,,,,-1503.372837,-1706.928042,-2100.645452,-2219.608577,,,-516.1688595,-1176.205473,,,-4630.285753,-2134.790339,-2102.556493,,-4931.580108,,,-1168.837861,-175.3788531,-1287.377587,,-2118.797758,-2084.690118,,,,-3404.115666,,-2026.921368,-423.2505542,,-1287.377587,,-2118.797758,-2084.690118,,,,-3404.115666,,-2026.921368,-423.2505542
,,,,,,-3054.300461,,,,,-1502.852726,-1706.559336,-2096.330509,-2219.162386,,,-515.9603054,-1173.480891,,,-4621.759207,-2134.507523,-2097.581695,,-4920.169856,,,-1168.171885,-174.5366296,-1282.846865,,-2114.206856,-2072.223604,,,,-3401.649773,,-2019.244739,-420.899878,,-1282.846865,,-2114.206856,-2072.223604,,,,-3401.649773,,-2019.244739,-420.899878
,,,,,,-3046.168151,,,,,-1502.557414,-1706.381994,-2091.757206,-2218.589365,,,-515.6117574,-1171.035451,,,-4621.036801,,-2093.285284,,-4911.204207,,,-1166.505823,-173.5658666,-1277.852091,,-2109.085879,-2069.789338,,,,-3399.642832,,-2012.244043,-418.8946378,,-1277.852091,,-2109.085879,-2069.789338,,,,-3399.642832,,-2012.244043,-418.8946378
,,,,,,-3037.635457,,,,,-1502.259499,-1706.197052,-2086.787672,-2218.176183,,,-515.3784471,-1169.740026,,,-4603.445582,,-2092.870876,,-4897.246662,,,-1165.670427,-172.412577,-1272.105255,,-2103.359401,-2049.387464,,,,-3398.583026,,-2008.944804,-416.1879641,,-1272.105255,,-2103.359401,-2049.387464,,,,-3398.583026,,-2008.944804,-416.1879641
,,,,,,-3037.473714,,,,,-1501.995251,-1706.005219,-2083.490673,-2217.767887,,,-515.1604909,-1167.586207,,,-4595.712974,,-2084.131401,,-4887.131383,,,-1164.023502,-171.2845952,-1266.355121,,-2098.718739,-2040.954339,,,,-3395.896885,,-1999.405331,-414.0978373,,-1266.355121,,-2098.718739,-2040.954339,,,,-3395.896885,,-1999.405331,-414.0978373
,,,,,,-3021.959091,,,,,-1501.745565,-1705.879891,-2079.723125,-2217.527472,,,,-1166.258163,,,-4592.930452,,-2080.259314,,-4877.9409,,,-1163.16118,-170.334058,-1261.956196,,-2094.688717,-2033.525836,,,,-3394.400965,,-1994.689575,-411.9073608,,-1261.956196,,-2094.688717,-2033.525836,,,,-3394.400965,,-1994.689575,-411.9073608
,,,,,,-3017.676325,,,,,-1501.545798,-1705.759545,-2073.948711,-2217.127316,,,,-1164.863509,,,-4579.694314,,-2079.077842,,-4867.18432,,,-1162.254256,-169.7298193,-1258.369503,,-2094.076722,-2031.067097,,,,-3392.284872,,-1984.420379,-410.4910712,,-1258.369503,,-2094.076722,-2031.067097,,,,-3392.284872,,-1984.420379,-410.4910712
,,,,,,-3012.915268,,,,,-1501.436212,-1705.575828,-2071.123306,-2216.959134,,,,-1163.559836,,,-4572.933211,,-2072.208648,,-4858.373415,,,-1161.336849,-168.279299,-1253.31601,,-2086.11127,-2020.020263,,,,-3391.033951,,-1978.972095,-408.1269192,,-1253.31601,,-2086.11127,-2020.020263,,,,-3391.033951,,-1978.972095,-408.1269192
,,,,,,-3007.341272,,,,,-1501.188028,,-2067.916068,-2216.445132,,,,-1162.326403,,,-4568.191001,,-2068.832024,,-4849.172771,,,-1161.153022,-167.3311443,-1249.58065,,-2082.479521,-2015.390871,,,,-3389.651787,,-1973.127867,-407.0148413,,-1249.58065,,-2082.479521,-2015.390871,,,,-3389.651787,,-1973.127867,-407.0148413
,,,,,,-3001.085994,,,,,-1501.050479,,-2064.184902,-2216.200982,,,,-1161.280528,,,-4559.61894,,-2066.669857,,-4843.563079,,,-1160.653195,-166.4840368,-1245.735241,,-2081.068109,-2002.828107,,,,-3388.122983,,-1967.113178,-403.6972017,,-1245.735241,,-2081.068109,-2002.828107,,,,-3388.122983,,-1967.113178,-403.6972017
,,,,,,-2996.406993,,,,,,,-2060.14168,-2215.974121,,,,-1160.645186,,,-4553.967849,,-2062.151694,,-4834.110216,,,-1158.945504,-165.3533757,-1243.305523,,-2074.982174,-1996.724869,,,,-3386.788257,,-1966.580854,-401.9364051,,-1243.305523,,-2074.982174,-1996.724869,,,,-3386.788257,,-1966.580854,-401.9364051
,,,,,,-2994.125818,,,,,,,-2058.664496,-2215.834799,,,,-1159.315088,,,-4548.489465,,-2059.332132,,-4830.514878,,,-1158.397024,-164.4353466,-1239.193921,,-2071.811877,-1990.322595,,,,-3385.760639,,-1963.348367,-400.1820259,,-1239.193921,,-2071.811877,-1990.322595,,,,-3385.760639,,-1963.348367,-400.1820259
,,,,,,-2986.876418,,,,,,,-2053.155655,-2215.584232,,,,-1158.516808,,,-4546.348378,,-2056.731496,,-4816.073012,,,-1157.843772,-163.4337805,-1237.257908,,-2069.567754,-1984.002205,,,,-3385.323703,,-1949.990874,-398.9577901,,-1237.257908,,-2069.567754,-1984.002205,,,,-3385.323703,,-1949.990874,-398.9577901
,,,,,,-2983.326511,,,,,,,-2051.253102,-2215.444824,,,,-1158.406167,,,-4539.724563,,-2056.358891,,-4808.979313,,,-1157.265119,-162.7043599,-1231.732382,,-2065.570594,-1977.925642,,,,-3383.709869,,-1945.709151,-396.8807501,,-1231.732382,,-2065.570594,-1977.925642,,,,-3383.709869,,-1945.709151,-396.8807501
,,,,,,-2979.846922,,,,,,,-2049.092874,-2215.20808,,,,-1156.915384,,,-4537.883082,,-2052.911496,,-4802.442098,,,-1156.947269,-161.5946487,-1228.846093,,-2062.919102,-1972.43096,,,,-3382.863314,,-1941.346668,-395.5716292,,-1228.846093,,-2062.919102,-1972.43096,,,,-3382.863314,,-1941.346668,-395.5716292
,,,,,,-2977.26872,,,,,,,-2046.552648,-2215.07648,,,,-1156.263272,,,-4527.883806,,-2052.585882,,-4799.858781,,,-1156.50478,-160.9795901,-1225.981121,,-2060.355393,-1967.775481,,,,-3382.334995,,-1936.72163,-393.4184945,,-1225.981121,,-2060.355393,-1967.775481,,,,-3382.334995,,-1936.72163,-393.4184945
,,,,,,-2973.40079,,,,,,,-2043.659308,-2214.938314,,,,-1155.236796,,,-4523.538314,,-2046.691046,,-4790.933055,,,-1155.791339,-159.4154488,-1223.892841,,-2059.40555,-1961.56033,,,,-3381.22308,,-1934.602843,-392.0676765,,-1223.892841,,-2059.40555,-1961.56033,,,,-3381.22308,,-1934.602843,-392.0676765
,,,,,,-2970.809355,,,,,,,-2041.103602,-2214.799283,,,,-1154.706831,,,-4519.578141,,-2044.486798,,-4787.220168,,,-1155.482546,-158.4937429,-1220.661647,,-2056.302424,-1956.733754,,,,-3380.546413,,-1930.815036,-390.5599819,,-1220.661647,,-2056.302424,-1956.733754,,,,-3380.546413,,-1930.815036,-390.5599819
,,,,,,-2967.233058,,,,,,,-2039.746711,,,,,-1154.119064,,,-4517.650671,,-2042.693816,,-4776.387213,,,-1155.139374,-157.5219822,-1218.548864,,-2055.515786,-1953.032762,,,,-3379.964473,,-1923.809747,-388.9239668,,-1218.548864,,-2055.515786,-1953.032762,,,,-3379.964473,,-1923.809747,-388.9239668
,,,,,,-2964.873904,,,,,,,-2037.136363,,,,,-1153.456474,,,-4512.381692,,-2042.542821,,-4771.136206,,,-1154.747927,-156.7339661,-1215.389516,,-2050.729812,-1947.000566,,,,-3379.279809,,-1920.900683,-388.2476824,,-1215.389516,,-2050.729812,-1947.000566,,,,-3379.279809,,-1920.900683,-388.2476824
,,,,,,-2962.23492,,,,,,,-2035.587506,,,,,-1152.813195,,,-4509.763822,,-2039.578199,,-4765.750459,,,-1154.333482,-155.5932445,-1213.356496,,-2048.69,-1942.678143,,,,-3378.75211,,-1917.626097,-387.2928982,,-1213.356496,,-2048.69,-1942.678143,,,,-3378.75211,,-1917.626097,-387.2928982
,,,,,,-2959.328462,,,,,,,-2033.965532,,,,,-1152.34848,,,-4504.215082,,-2038.65117,,-4760.818446,,,-1154.182703,-154.7647187,-1211.091054,,-2046.862879,-1939.190534,,,,-3378.2056,,-1913.797331,-384.4368229,,-1211.091054,,-2046.862879,-1939.190534,,,,-3378.2056,,-1913.797331,-384.4368229
,,,,,,-2957.329678,,,,,,,-2032.49521,,,,,-1152.000949,,,-4501.27641,,-2035.14753,,-4755.421993,,,-1153.641463,-153.5642142,-1208.624019,,-2046.092186,-1933.984284,,,,-3377.799221,,-1909.681617,-383.3206541,,-1208.624019,,-2046.092186,-1933.984284,,,,-3377.799221,,-1909.681617,-383.3206541
,,,,,,-2955.467679,,,,,,,-2030.944239,,,,,-1151.451715,,,-4498.138271,,-2033.678427,,-4750.937323,,,-1153.461157,-152.7137594,-1207.286454,,-2043.573173,-1930.126464,,,,-3377.28941,,-1909.029214,-382.1245324,,-1207.286454,,-2043.573173,-1930.126464,,,,-3377.28941,,-1909.029214,-382.1245324
,,,,,,-2952.060752,,,,,,,-2029.681404,,,,,-1151.075012,,,-4494.921298,,-2032.218879,,-4748.011729,,,-1153.258424,-151.722484,-1205.791042,,-2042.41697,-1926.531852,,,,-3376.991336,,-1902.126374,-380.8011321,,-1205.791042,,-2042.41697,-1926.531852,,,,-3376.991336,,-1902.126374,-380.8011321
,,,,,,-2950.403053,,,,,,,-2029.076845,,,,,-1150.721857,,,-4494.558479,,-2030.910142,,-4742.03492,,,-1153.0238,-150.584866,-1202.200373,,-2039.688917,-1922.505512,,,,-3376.401546,,-1900.031634,-379.9235049,,-1202.200373,,-2039.688917,-1922.505512,,,,-3376.401546,,-1900.031634,-379.9235049
,,,,,,-2948.56627,,,,,,,-2027.249523,,,,,,,,-4492.854765,,-2029.445894,,-4738.181417,,,-1152.760813,-149.8710045,-1200.677099,,-2038.312043,-1919.123019,,,,-3376.064277,,-1897.65949,-378.8680849,,-1200.677099,,-2038.312043,-1919.123019,,,,-3376.064277,,-1897.65949,-378.8680849
,,,,,,-2946.48575,,,,,,,-2026.256695,,,,,,,,-4485.971339,,-2028.25375,,-4736.575581,,,-1152.520477,-149.1173312,-1199.026118,,-2036.862361,-1915.529074,,,,-3375.722418,,-1894.846724,-377.2052576,,-1199.026118,,-2036.862361,-1915.529074,,,,-3375.722418,,-1894.846724,-377.2052576
,,,,,,-2944.566464,,,,,,,-2024.725428,,,,,,,,-4483.781429,,-2027.43344,,-4730.213154,,,-1152.391167,-147.3537026,-1197.186468,,-2035.413528,-1913.05485,,,,-3375.436975,,-1891.615558,-376.3784452,,-1197.186468,,-2035.413528,-1913.05485,,,,-3375.436975,,-1891.615558,-376.3784452
,,,,,,-2943.031891,,,,,,,-2023.833568,,,,,,,,-4481.55728,,-2025.913214,,-4726.748653,,,-1152.193968,-146.5122069,-1195.749453,,-2034.107151,-1909.458694,,,,-3375.109783,,-1888.825075,-375.4236734,,-1195.749453,,-2034.107151,-1909.458694,,,,-3375.109783,,-1888.825075,-375.4236734
,,,,,,-2942.120652,,,,,,,-2022.836562,,,,,,,,-4479.209942,,-2024.906384,,-4725.410803,,,-1152.067957,-145.5594165,-1194.341957,,-2032.904595,-1907.770098,,,,-3374.867391,,-1887.317543,-374.2885063,,-1194.341957,,-2032.904595,-1907.770098,,,,-3374.867391,,-1887.317543,-374.2885063
,,,,,,-2939.94121,,,,,,,-2021.716098,,,,,,,,-4478.108056,,-2024.348977,,-4719.475048,,,-1151.934002,-144.4472805,-1194.014191,,-2031.846046,-1902.613474,,,,,,-1884.105759,-373.021956,,-1194.014191,,-2031.846046,-1902.613474,,,,,,-1884.105759,-373.021956
,,,,,,-2938.622906,,,,,,,-2020.75661,,,,,,,,-4476.22553,,-2022.873839,,-4716.321737,,,-1151.804063,-143.5104808,-1191.353264,,-2030.573132,-1899.877908,,,,,,-1882.2616,-372.4731305,,-1191.353264,,-2030.573132,-1899.877908,,,,,,-1882.2616,-372.4731305
,,,,,,-2937.51589,,,,,,,-2019.963509,,,,,,,,-4472.795997,,-2021.997361,,-4714.512014,,,-1151.69025,-142.5868826,-1190.084087,,-2029.553574,-1897.232996,,,,,,-1880.327278,-370.7561809,,-1190.084087,,-2029.553574,-1897.232996,,,,,,-1880.327278,-370.7561809
,,,,,,-2936.063215,,,,,,,-2019.708408,,,,,,,,-4471.376762,,-2021.474844,,-4709.863524,,,-1151.588999,-142.3276681,-1189.328374,,-2028.724415,-1895.738847,,,,,,-1878.570641,-370.1161447,,-1189.328374,,-2028.724415,-1895.738847,,,,,,-1878.570641,-370.1161447
,,,,,,-2934.963193,,,,,,,-2018.310108,,,,,,,,-4469.786426,,-2020.227798,,-4707.068223,,,,-140.506142,-1187.52839,,-2027.54387,-1892.444537,,,,,,-1876.655976,-369.3736339,,-1187.52839,,-2027.54387,-1892.444537,,,,,,-1876.655976,-369.3736339
,,,,,,-2933.82716,,,,,,,-2017.607256,,,,,,,,-4467.93948,,-2019.46745,,-4704.752557,,,,-139.5579498,-1186.440448,,-2026.664454,-1890.733112,,,,,,-1875.091279,-368.4812651,,-1186.440448,,-2026.664454,-1890.733112,,,,,,-1875.091279,-368.4812651
,,,,,,-2933.081083,,,,,,,-2017.220757,,,,,,,,-4465.968421,,-2018.879707,,-4701.553953,,,,-138.9531703,-1185.455398,,-2025.917596,-1886.986438,,,,,,-1874.317187,-367.4344051,,-1185.455398,,-2025.917596,-1886.986438,,,,,,-1874.317187,-367.4344051
,,,,,,-2931.912191,,,,,,,-2016.188026,,,,,,,,-4465.610206,,-2017.972162,,-4699.154373,,,,-137.5259164,,,-2024.934789,-1884.937806,,,,,,-1872.017973,-366.4323074,,,,-2024.934789,-1884.937806,,,,,,-1872.017973,-366.4323074
,,,,,,-2931.341436,,,,,,,-2015.585663,,,,,,,,-4462.414269,,-2017.329256,,-4696.678957,,,,-136.5990597,,,-2024.178562,-1882.752853,,,,,,-1870.732942,-365.8679211,,,,-2024.178562,-1882.752853,,,,,,-1870.732942,-365.8679211
,,,,,,-2929.799269,,,,,,,-2015.089211,,,,,,,,-4461.445367,,-2016.708766,,-4695.142189,,,,-135.7226101,,,-2023.454049,-1880.582298,,,,,,-1868.804535,-364.9495224,,,,-2023.454049,-1880.582298,,,,,,-1868.804535,-364.9495224
,,,,,,-2928.984685,,,,,,,-2014.417331,,,,,,,,-4460.352005,,-2016.528816,,-4692.487823,,,,,,,,-1878.5425,,,,,,-1867.645818,-364.3398766,,,,,-1878.5425,,,,,,-1867.645818,-364.3398766
,,,,,,-2928.179154,,,,,,,-2013.917275,,,,,,,,-4459.064031,,-2015.79207,,-4691.289166,,,,,,,,-1876.684468,,,,,,-1866.33282,-363.6718443,,,,,-1876.684468,,,,,,-1866.33282,-363.6718443
,,,,,,-2927.596974,,,,,,,-2013.401978,,,,,,,,-4457.595962,,,,-4687.618712,,,,,,,,-1875.163957,,,,,,-1864.832398,-363.0085404,,,,,-1875.163957,,,,,,-1864.832398,-363.0085404
,,,,,,-2926.703681,,,,,,,-2013.061384,,,,,,,,-4456.324427,,,,-4685.727533,,,,,,,,-1873.017715,,,,,,-1863.471732,-362.3819456,,,,,-1873.017715,,,,,,-1863.471732,-362.3819456
,,,,,,-2926.126309,,,,,,,-2012.52815,,,,,,,,-4455.641597,,,,-4683.87045,,,,,,,,-1871.399505,,,,,,-1862.379009,-361.8143163,,,,,-1871.399505,,,,,,-1862.379009,-361.8143163
,,,,,,-2925.255745,,,,,,,-2012.261342,,,,,,,,-4454.247703,,,,-4682.604676,,,,,,,,-1870.30594,,,,,,-1861.885728,-361.4195904,,,,,-1870.30594,,,,,,-1861.885728,-361.4195904
,,,,,,-2924.70336,,,,,,,-2011.571754,,,,,,,,-4453.442369,,,,-4680.431802,,,,,,,,-1868.115375,,,,,,-1860.097413,-360.6892387,,,,,-1868.115375,,,,,,-1860.097413,-360.6892387
,,,,,,-2924.093142,,,,,,,-2011.203854,,,,,,,,-4452.600139,,,,-4679.091248,,,,,,,,-1866.663756,,,,,,-1859.106261,-360.2009506,,,,,-1866.663756,,,,,,-1859.106261,-360.2009506
,,,,,,-2923.437207,,,,,,,-2010.836481,,,,,,,,-4451.834416,,,,-4676.886099,,,,,,,,-1865.687714,,,,,,-1858.444837,-360.0597617,,,,,-1865.687714,,,,,,-1858.444837,-360.0597617
,,,,,,-2923.112701,,,,,,,-2010.556863,,,,,,,,-4451.020264,,,,-4675.530374,,,,,,,,-1863.697506,,,,,,-1857.099435,-359.178985,,,,,-1863.697506,,,,,,-1857.099435,-359.178985
,,,,,,-2922.727855,,,,,,,-2010.160144,,,,,,,,-4450.353501,,,,-4674.032956,,,,,,,,-1862.387028,,,,,,-1856.227947,-358.7346581,,,,,-1862.387028,,,,,,-1856.227947,-358.7346581
,,,,,,-2921.744177,,,,,,,-2009.890974,,,,,,,,-4450.012367,,,,-4672.427556,,,,,,,,-1861.334281,,,,,,-1855.436832,,,,,,-1861.334281,,,,,,-1855.436832,
,,,,,,-2921.346123,,,,,,,-2009.515696,,,,,,,,-4449.057544,,,,-4671.781162,,,,,,,,-1859.756333,,,,,,-1854.523061,,,,,,-1859.756333,,,,,,-1854.523061,
,,,,,,-2920.921145,,,,,,,-2009.26739,,,,,,,,-4448.520881,,,,-4670.857931,,,,,,,,-1858.59619,,,,,,-1853.776022,,,,,,-1858.59619,,,,,,-1853.776022,
,,,,,,-2920.454916,,,,,,,-2008.990612,,,,,,,,-4447.735325,,,,-4668.123197,,,,,,,,-1857.465838,,,,,,-1852.969678,,,,,,-1857.465838,,,,,,-1852.969678,
,,,,,,-2920.118056,,,,,,,-2008.688674,,,,,,,,-4447.261818,,,,-4667.077941,,,,,,,,-1857.192414,,,,,,-1852.310495,,,,,,-1857.192414,,,,,,-1852.310495,
,,,,,,-2919.764228,,,,,,,-2008.505096,,,,,,,,-4446.727581,,,,-4665.969296,,,,,,,,-1855.824388,,,,,,-1851.534071,,,,,,-1855.824388,,,,,,-1851.534071,
,,,,,,,,,,,,,-2008.320523,,,,,,,,-4446.120592,,,,-4664.756548,,,,,,,,,,,,,,-1851.020643,,,,,,,,,,,,-1851.020643,
,,,,,,,,,,,,,-2007.925196,,,,,,,,-4445.56968,,,,-4663.966561,,,,,,,,,,,,,,-1850.109898,,,,,,,,,,,,-1850.109898,
,,,,,,,,,,,,,-2007.74855,,,,,,,,-4445.135761,,,,-4663.018237,,,,,,,,,,,,,,-1849.533164,,,,,,,,,,,,-1849.533164,
,,,,,,,,,,,,,-2007.556137,,,,,,,,-4444.931323,,,,-4661.534323,,,,,,,,,,,,,,-1848.919061,,,,,,,,,,,,-1848.919061,
,,,,,,,,,,,,,-2007.341446,,,,,,,,-4444.241693,,,,-4660.810576,,,,,,,,,,,,,,-1848.356094,,,,,,,,,,,,-1848.356094,
,,,,,,,,,,,,,-2007.163795,,,,,,,,-4443.856972,,,,-4659.98231,,,,,,,,,,,,,,-1847.76025,,,,,,,,,,,,-1847.76025,
,,,,,,,,,,,,,-2007.003599,,,,,,,,-4443.596424,,,,-4659.00813,,,,,,,,,,,,,,-1847.270689,,,,,,,,,,,,-1847.270689,
,,,,,,,,,,,,,,,,,,,,,-4443.087356,,,,-4657.936022,,,,,,,,,,,,,,-1847.058207,,,,,,,,,,,,-1847.058207,
,,,,,,,,,,,,,,,,,,,,,-4442.756684,,,,-4657.492433,,,,,,,,,,,,,,-1846.319064,,,,,,,,,,,,-1846.319064,
,,,,,,,,,,,,,,,,,,,,,-4442.455766,,,,-4656.054371,,,,,,,,,,,,,,-1845.931488,,,,,,,,,,,,-1845.931488,
,,,,,,,,,,,,,,,,,,,,,-4442.11691,,,,-4655.533396,,,,,,,,,,,,,,-1845.272898,,,,,,,,,,,,-1845.272898,
,,,,,,,,,,,,,,,,,,,,,-4441.839272,,,,-4654.934502,,,,,,,,,,,,,,-1844.900302,,,,,,,,,,,,-1844.900302,
,,,,,,,,,,,,,,,,,,,,,-4441.540543,,,,-4654.222219,,,,,,,,,,,,,,-1844.483881,,,,,,,,,,,,-1844.483881,
,,,,,,,,,,,,,,,,,,,,,-4441.294509,,,,-4653.397713,,,,,,,,,,,,,,-1844.016197,,,,,,,,,,,,-1844.016197,
,,,,,,,,,,,,,,,,,,,,,-4441.013475,,,,-4652.627146,,,,,,,,,,,,,,-1843.649878,,,,,,,,,,,,-1843.649878,
,,,,,,,,,,,,,,,,,,,,,-4440.825195,,,,-4652.20203,,,,,,,,,,,,,,-1843.313254,,,,,,,,,,,,-1843.313254,
,,,,,,,,,,,,,,,,,,,,,-4440.503089,,,,-4651.491354,,,,,,,,,,,,,,,,,,,,,,,,,,,
,,,,,,,,,,,,,,,,,,,,,-4440.298066,,,,-4651.033825,,,,,,,,,,,,,,,,,,,,,,,,,,,
,,,,,,,,,,,,,,,,,,,,,-4440.080327,,,,-4650.539927,,,,,,,,,,,,,,,,,,,,,,,,,,,
,,,,,,,,,,,,,,,,,,,,,-4439.880149,,,,-4650.061553,,,,,,,,,,,,,,,,,,,,,,,,,,,
,,,,,,,,,,,,,,,,,,,,,-4439.673781,,,,-4649.602757,,,,,,,,,,,,,,,,,,,,,,,,,,,
,,,,,,,,,,,,,,,,,,,,,-4439.503467,,,,-4649.198888,,,,,,,,,,,,,,,,,,,,,,,,,,,
,,,,,,,,,,,,,,,,,,,,,,,,,-4648.938317,,,,,,,,,,,,,,,,,,,,,,,,,,,
,,,,,,,,,,,,,,,,,,,,,,,,,-4648.410854,,,,,,,,,,,,,,,,,,,,,,,,,,,
,,,,,,,,,,,,,,,,,,,,,,,,,-4648.076612,,,,,,,,,,,,,,,,,,,,,,,,,,,
,,,,,,,,,,,,,,,,,,,,,,,,,,,,,,,,,,,,,,,,,,,,,,,,,,,,
,,,,,,,,,,,,,,,,,,,,,,,,,,,,,,,,,,,,,,,,,,,,,,,,,,,,
,,,,,,,,,,,,,,,,,,,,,,,,,,,,,,,,,,,,,,,,,,,,,,,,,,,,
,,,,,,,,,,,,,,,,,,,,,,,,,,,,,,,,,,,,,,,,,,,,,,,,,,,,
,,,,,,,,,,,,,,,,,,,,,,,,,,,,,,,,,,,,,,,,,,,,,,,,,,,,
,,,,,,,,,,,,,,,,,,,,,,,,,,,,,,,,,,,,,,,,,,,,,,,,,,,,
,,,,,,,,,,,,,,,,,,,,,,,,,,,,,,,,,,,,,,,,,,,,,,,,,,,,
,,,,,,,,,,,,,,,,,,,,,,,,,,,,,,,,,,,,,,,,,,,,,,,,,,,,
,,,,,,,,,,,,,,,,,,,,,,,,,,,,,,,,,,,,,,,,,,,,,,,,,,,,
,,,,,,,,,,,,,,,,,,,,,,,,,,,,,,,,,,,,,,,,,,,,,,,,,,,,
,,,,,,,,,,,,,,,,,,,,,,,,,,,,,,,,,,,,,,,,,,,,,,,,,,,,
,,,,,,,,,,,,,,,,,,,,,,,,,,,,,,,,,,,,,,,,,,,,,,,,,,,,
,,,,,,,,,,,,,,,,,,,,,,,,,,,,,,,,,,,,,,,,,,,,,,,,,,,,
,,,,,,,,,,,,,,,,,,,,,,,,,,,,,,,,,,,,,,,,,,,,,,,,,,,,
,,,,,,,,,,,,,,,,,,,,,,,,,,,,,,,,,,,,,,,,,,,,,,,,,,,,
,,,,,,,,,,,,,,,,,,,,,,,,,,,,,,,,,,,,,,,,,,,,,,,,,,,,
,,,,,,,,,,,,,,,,,,,,,,,,,,,,,,,,,,,,,,,,,,,,,,,,,,,,
,,,,,,,,,,,,,,,,,,,,,,,,,,,,,,,,,,,,,,,,,,,,,,,,,,,,
,,,,,,,,,,,,,,,,,,,,,,,,,,,,,,,,,,,,,,,,,,,,,,,,,,,,
,,,,,,,,,,,,,,,,,,,,,,,,,,,,,,,,,,,,,,,,,,,,,,,,,,,,
,,,,,,,,,,,,,,,,,,,,,,,,,,,,,,,,,,,,,,,,,,,,,,,,,,,,
,,,,,,,,,,,,,,,,,,,,,,,,,,,,,,,,,,,,,,,,,,,,,,,,,,,,
,,,,,,,,,,,,,,,,,,,,,,,,,,,,,,,,,,,,,,,,,,,,,,,,,,,,
,,,,,,,,,,,,,,,,,,,,,,,,,,,,,,,,,,,,,,,,,,,,,,,,,,,,
,,,,,,,,,,,,,,,,,,,,,,,,,,,,,,,,,,,,,,,,,,,,,,,,,,,,
,,,,,,,,,,,,,,,,,,,,,,,,,,,,,,,,,,,,,,,,,,,,,,,,,,,,
,,,,,,,,,,,,,,,,,,,,,,,,,,,,,,,,,,,,,,,,,,,,,,,,,,,,
,,,,,,,,,,,,,,,,,,,,,,,,,,,,,,,,,,,,,,,,,,,,,,,,,,,,
,,,,,,,,,,,,,,,,,,,,,,,,,,,,,,,,,,,,,,,,,,,,,,,,,,,,
,,,,,,,,,,,,,,,,,,,,,,,,,,,,,,,,,,,,,,,,,,,,,,,,,,,,
,,,,,,,,,,,,,,,,,,,,,,,,,,,,,,,,,,,,,,,,,,,,,,,,,,,,
,,,,,,,,,,,,,,,,,,,,,,,,,,,,,,,,,,,,,,,,,,,,,,,,,,,,
,,,,,,,,,,,,,,,,,,,,,,,,,,,,,,,,,,,,,,,,,,,,,,,,,,,,
,,,,,,,,,,,,,,,,,,,,,,,,,,,,,,,,,,,,,,,,,,,,,,,,,,,,
,,,,,,,,,,,,,,,,,,,,,,,,,,,,,,,,,,,,,,,,,,,,,,,,,,,,
,,,,,,,,,,,,,,,,,,,,,,,,,,,,,,,,,,,,,,,,,,,,,,,,,,,,
,,,,,,,,,,,,,,,,,,,,,,,,,,,,,,,,,,,,,,,,,,,,,,,,,,,,
,,,,,,,,,,,,,,,,,,,,,,,,,,,,,,,,,,,,,,,,,,,,,,,,,,,,
,,,,,,,,,,,,,,,,,,,,,,,,,,,,,,,,,,,,,,,,,,,,,,,,,,,,
,,,,,,,,,,,,,,,,,,,,,,,,,,,,,,,,,,,,,,,,,,,,,,,,,,,,
,,,,,,,,,,,,,,,,,,,,,,,,,,,,,,,,,,,,,,,,,,,,,,,,,,,,
,,,,,,,,,,,,,,,,,,,,,,,,,,,,,,,,,,,,,,,,,,,,,,,,,,,,
,,,,,,,,,,,,,,,,,,,,,,,,,,,,,,,,,,,,,,,,,,,,,,,,,,,,
,,,,,,,,,,,,,,,,,,,,,,,,,,,,,,,,,,,,,,,,,,,,,,,,,,,,
,,,,,,,,,,,,,,,,,,,,,,,,,,,,,,,,,,,,,,,,,,,,,,,,,,,,
,,,,,,,,,,,,,,,,,,,,,,,,,,,,,,,,,,,,,,,,,,,,,,,,,,,,
,,,,,,,,,,,,,,,,,,,,,,,,,,,,,,,,,,,,,,,,,,,,,,,,,,,,
,,,,,,,,,,,,,,,,,,,,,,,,,,,,,,,,,,,,,,,,,,,,,,,,,,,,
,,,,,,,,,,,,,,,,,,,,,,,,,,,,,,,,,,,,,,,,,,,,,,,,,,,,
,,,,,,,,,,,,,,,,,,,,,,,,,,,,,,,,,,,,,,,,,,,,,,,,,,,,
,,,,,,,,,,,,,,,,,,,,,,,,,,,,,,,,,,,,,,,,,,,,,,,,,,,,
,,,,,,,,,,,,,,,,,,,,,,,,,,,,,,,,,,,,,,,,,,,,,,,,,,,,
,,,,,,,,,,,,,,,,,,,,,,,,,,,,,,,,,,,,,,,,,,,,,,,,,,,,
,,,,,,,,,,,,,,,,,,,,,,,,,,,,,,,,,,,,,,,,,,,,,,,,,,,,
,,,,,,,,,,,,,,,,,,,,,,,,,,,,,,,,,,,,,,,,,,,,,,,,,,,,
,,,,,,,,,,,,,,,,,,,,,,,,,,,,,,,,,,,,,,,,,,,,,,,,,,,,
,,,,,,,,,,,,,,,,,,,,,,,,,,,,,,,,,,,,,,,,,,,,,,,,,,,,
,,,,,,,,,,,,,,,,,,,,,,,,,,,,,,,,,,,,,,,,,,,,,,,,,,,,
,,,,,,,,,,,,,,,,,,,,,,,,,,,,,,,,,,,,,,,,,,,,,,,,,,,,
,,,,,,,,,,,,,,,,,,,,,,,,,,,,,,,,,,,,,,,,,,,,,,,,,,,,
,,,,,,,,,,,,,,,,,,,,,,,,,,,,,,,,,,,,,,,,,,,,,,,,,,,,
,,,,,,,,,,,,,,,,,,,,,,,,,,,,,,,,,,,,,,,,,,,,,,,,,,,,
,,,,,,,,,,,,,,,,,,,,,,,,,,,,,,,,,,,,,,,,,,,,,,,,,,,,
,,,,,,,,,,,,,,,,,,,,,,,,,,,,,,,,,,,,,,,,,,,,,,,,,,,,
,,,,,,,,,,,,,,,,,,,,,,,,,,,,,,,,,,,,,,,,,,,,,,,,,,,,
,,,,,,,,,,,,,,,,,,,,,,,,,,,,,,,,,,,,,,,,,,,,,,,,,,,,
,,,,,,,,,,,,,,,,,,,,,,,,,,,,,,,,,,,,,,,,,,,,,,,,,,,,
,,,,,,,,,,,,,,,,,,,,,,,,,,,,,,,,,,,,,,,,,,,,,,,,,,,,
,,,,,,,,,,,,,,,,,,,,,,,,,,,,,,,,,,,,,,,,,,,,,,,,,,,,
,,,,,,,,,,,,,,,,,,,,,,,,,,,,,,,,,,,,,,,,,,,,,,,,,,,,
,,,,,,,,,,,,,,,,,,,,,,,,,,,,,,,,,,,,,,,,,,,,,,,,,,,,
,,,,,,,,,,,,,,,,,,,,,,,,,,,,,,,,,,,,,,,,,,,,,,,,,,,,
,,,,,,,,,,,,,,,,,,,,,,,,,,,,,,,,,,,,,,,,,,,,,,,,,,,,
,,,,,,,,,,,,,,,,,,,,,,,,,,,,,,,,,,,,,,,,,,,,,,,,,,,,
,,,,,,,,,,,,,,,,,,,,,,,,,,,,,,,,,,,,,,,,,,,,,,,,,,,,
,,,,,,,,,,,,,,,,,,,,,,,,,,,,,,,,,,,,,,,,,,,,,,,,,,,,
,,,,,,,,,,,,,,,,,,,,,,,,,,,,,,,,,,,,,,,,,,,,,,,,,,,,
,,,,,,,,,,,,,,,,,,,,,,,,,,,,,,,,,,,,,,,,,,,,,,,,,,,,
,,,,,,,,,,,,,,,,,,,,,,,,,,,,,,,,,,,,,,,,,,,,,,,,,,,,
,,,,,,,,,,,,,,,,,,,,,,,,,,,,,,,,,,,,,,,,,,,,,,,,,,,,
,,,,,,,,,,,,,,,,,,,,,,,,,,,,,,,,,,,,,,,,,,,,,,,,,,,,
,,,,,,,,,,,,,,,,,,,,,,,,,,,,,,,,,,,,,,,,,,,,,,,,,,,,
,,,,,,,,,,,,,,,,,,,,,,,,,,,,,,,,,,,,,,,,,,,,,,,,,,,,
,,,,,,,,,,,,,,,,,,,,,,,,,,,,,,,,,,,,,,,,,,,,,,,,,,,,
,,,,,,,,,,,,,,,,,,,,,,,,,,,,,,,,,,,,,,,,,,,,,,,,,,,,
,,,,,,,,,,,,,,,,,,,,,,,,,,,,,,,,,,,,,,,,,,,,,,,,,,,,
,,,,,,,,,,,,,,,,,,,,,,,,,,,,,,,,,,,,,,,,,,,,,,,,,,,,
,,,,,,,,,,,,,,,,,,,,,,,,,,,,,,,,,,,,,,,,,,,,,,,,,,,,
,,,,,,,,,,,,,,,,,,,,,,,,,,,,,,,,,,,,,,,,,,,,,,,,,,,,
,,,,,,,,,,,,,,,,,,,,,,,,,,,,,,,,,,,,,,,,,,,,,,,,,,,,
,,,,,,,,,,,,,,,,,,,,,,,,,,,,,,,,,,,,,,,,,,,,,,,,,,,,
,,,,,,,,,,,,,,,,,,,,,,,,,,,,,,,,,,,,,,,,,,,,,,,,,,,,
,,,,,,,,,,,,,,,,,,,,,,,,,,,,,,,,,,,,,,,,,,,,,,,,,,,,
,,,,,,,,,,,,,,,,,,,,,,,,,,,,,,,,,,,,,,,,,,,,,,,,,,,,
,,,,,,,,,,,,,,,,,,,,,,,,,,,,,,,,,,,,,,,,,,,,,,,,,,,,
,,,,,,,,,,,,,,,,,,,,,,,,,,,,,,,,,,,,,,,,,,,,,,,,,,,,
,,,,,,,,,,,,,,,,,,,,,,,,,,,,,,,,,,,,,,,,,,,,,,,,,,,,
,,,,,,,,,,,,,,,,,,,,,,,,,,,,,,,,,,,,,,,,,,,,,,,,,,,,
,,,,,,,,,,,,,,,,,,,,,,,,,,,,,,,,,,,,,,,,,,,,,,,,,,,,
,,,,,,,,,,,,,,,,,,,,,,,,,,,,,,,,,,,,,,,,,,,,,,,,,,,,
,,,,,,,,,,,,,,,,,,,,,,,,,,,,,,,,,,,,,,,,,,,,,,,,,,,,
,,,,,,,,,,,,,,,,,,,,,,,,,,,,,,,,,,,,,,,,,,,,,,,,,,,,
,,,,,,,,,,,,,,,,,,,,,,,,,,,,,,,,,,,,,,,,,,,,,,,,,,,,
,,,,,,,,,,,,,,,,,,,,,,,,,,,,,,,,,,,,,,,,,,,,,,,,,,,,
,,,,,,,,,,,,,,,,,,,,,,,,,,,,,,,,,,,,,,,,,,,,,,,,,,,,
,,,,,,,,,,,,,,,,,,,,,,,,,,,,,,,,,,,,,,,,,,,,,,,,,,,,
,,16--2,16--5,16--8,16--14,17--6,17--10,17--17,18--2,18--18,19--9,19--10,,,,,,,,,,,,,,,,,,,,,,,,,,,,,,,,,,,,,,,,
,,"90,948","17,238","161,406","107,538","105,516","78,756","15,360","203,796","10,023","107,538","18,762",,,,,,,,,,,,,,,,,,,,,,,,,,,,,,,,,,,,,,,,
,,16--2,16--5,"K = 16 (161,406)",16--14,"K = 17 (105,516)","K = 17 (78,756)",17--17,"K = 18 (203,796)","K = 18 (10,023)",19--9,19--10,,,,,,,,,,,,,,,,,,,,,,,,,,,,,,,,,,,,,,,,
,1,,,,,,,,,,,,,,,,,,,,,,,,,,,,,,,,,,,,,,,,,,,,,,,,,,,
,2,-3613.593271,-936.0518104,-4987.007136,-4942.875198,-4837.433412,-3606.075828,-723.7982375,-8386.821361,-5841.730905,-4879.532518,-1037.313146,,,,,,,,,,,,,,,,,,,,,,,,,,,,,,,,,,,,,,,,
,3,-3537.089117,-934.6047989,-4861.504298,-4739.435363,-4358.259094,-3338.846088,-645.8446559,-8043.738801,-1491.936715,-4713.581486,-983.0109257,,,,,,,,,,,,,,,,,,,,,,,,,,,,,,,,,,,,,,,,
,4,-3468.803826,-607.858751,-4764.260645,-4655.057267,-3520.062254,-3293.50269,-625.8096657,-7801.233842,-1080.465573,-4624.199841,-974.0870932,,,,,,,,,,,,,,,,,,,,,,,,,,,,,,,,,,,,,,,,
,5,-3387.570562,-563.1698752,-4653.92708,-4636.919352,-3345.470658,-2948.499024,-510.013018,-7544.967251,-578.0535071,-4556.858131,-927.4623866,,,,,,,,,,,,,,,,,,,,,,,,,,,,,,,,,,,,,,,,
,6,-3291.519835,-524.4738035,-4537.270222,-4470.211452,-3149.707339,-2830.816131,-464.9924125,-7341.488184,-552.2245764,-4442.052132,-913.6103809,,,,,,,,,,,,,,,,,,,,,,,,,,,,,,,,,,,,,,,,
,7,-3193.483158,-488.5614675,-4526.316528,-4389.939501,-2923.827742,-2723.686692,-436.0076046,-7082.820151,-526.1680529,-4361.482765,-899.553538,,,,,,,,,,,,,,,,,,,,,,,,,,,,,,,,,,,,,,,,
,8,-3125.074691,-478.4323901,-4494.545547,-4337.820748,-2672.593565,-2642.325969,-399.294203,-6909.470024,-497.1152787,-4279.55191,-884.5120253,,,,,,,,,,,,,,,,,,,,,,,,,,,,,,,,,,,,,,,,
,9,-3083.721982,-455.7070797,-4216.392215,-4224.784324,-2429.143203,-2522.118418,-378.4935795,-6627.874223,-465.610204,-4236.942278,-878.4273677,,,,,,,,,,,,,,,,,,,,,,,,,,,,,,,,,,,,,,,,
,10,-2982.656185,-412.5254077,-4126.475113,-4152.144384,-2298.666633,-2437.552086,-359.6775933,-6447.880879,-435.8788633,-4139.358354,-865.17709,,,,,,,,,,,,,,,,,,,,,,,,,,,,,,,,,,,,,,,,
,11,-2919.073807,-400.6322788,-4041.523795,-4082.479473,-2268.383898,-2400.783548,-346.2488594,-6253.839338,-418.6528614,-4102.486704,-839.6395724,,,,,,,,,,,,,,,,,,,,,,,,,,,,,,,,,,,,,,,,
,12,-2880.232515,-388.8386673,-3967.97339,-4065.813078,-2073.632465,-2270.551411,-333.662299,-6063.3579,-409.8847488,-3958.146482,-829.0766986,,,,,,,,,,,,,,,,,,,,,,,,,,,,,,,,,,,,,,,,
,13,-2786.6395,-377.0909536,-3873.604427,-3972.537964,-2003.394517,-2202.372416,-326.4132448,-5891.850891,-387.0839049,-3887.606868,-817.0182987,,,,,,,,,,,,,,,,,,,,,,,,,,,,,,,,,,,,,,,,
,14,-2727.481375,-366.9631446,-3798.84506,-3955.901762,-1818.098579,-2187.657085,-317.2301756,-5737.894041,-374.69118,-3818.979347,-802.6388108,,,,,,,,,,,,,,,,,,,,,,,,,,,,,,,,,,,,,,,,
,15,-2682.607379,-361.1617,-3744.609196,-3797.742175,-1739.832058,-2064.721985,-312.4011561,-5627.343229,-372.6470054,-3775.363332,-786.7759837,,,,,,,,,,,,,,,,,,,,,,,,,,,,,,,,,,,,,,,,
,16,-2606.849796,-356.6508733,-3647.29203,-3732.002557,-1662.289816,-2007.246242,-307.9522964,-5444.008949,-350.3896247,-3689.231439,-783.7375882,,,,,,,,,,,,,,,,,,,,,,,,,,,,,,,,,,,,,,,,
,17,-2553.389177,-352.2638741,-3580.107467,-3674.210044,-1589.497639,-1994.60986,-304.2528609,-5321.634865,-340.7336009,-3638.465939,-756.6711817,,,,,,,,,,,,,,,,,,,,,,,,,,,,,,,,,,,,,,,,
,18,-2502.633264,-349.2460368,-3532.922343,-3656.801422,-1527.219874,-1890.29078,-301.6921011,-5278.390695,-340.2042648,-3547.917396,-748.0172841,,,,,,,,,,,,,,,,,,,,,,,,,,,,,,,,,,,,,,,,
,19,-2498.563755,-346.4836502,-3443.3568,-3568.360817,-1473.86062,-1843.394799,-299.7239011,-5078.896307,-321.114955,-3493.606154,-738.0593424,,,,,,,,,,,,,,,,,,,,,,,,,,,,,,,,,,,,,,,,
,20,-2432.453321,-344.7031126,-3382.711172,-3531.710774,-1430.174872,-1820.622354,-298.4584444,-4977.329193,-313.2939836,-3433.406133,-726.0417447,,,,,,,,,,,,,,,,,,,,,,,,,,,,,,,,,,,,,,,,
,21,-2335.128173,-342.7691696,-3333.892067,-3427.900906,-1379.930767,-1752.137363,-296.8630481,-4968.802747,-311.2641213,-3368.646877,-711.9123752,,,,,,,,,,,,,,,,,,,,,,,,,,,,,,,,,,,,,,,,
,22,-2300.147562,-341.7915364,-3260.977908,-3377.399562,-1342.724225,-1715.078582,-295.9468944,-4764.930978,-297.7097817,-3346.754938,-699.1131012,,,,,,,,,,,,,,,,,,,,,,,,,,,,,,,,,,,,,,,,
,23,-2259.598886,-340.0315993,-3207.376339,-3324.337197,-1314.852894,-1686.925848,-295.5909391,-4677.615189,-291.4880152,-3310.297007,-691.9471668,,,,,,,,,,,,,,,,,,,,,,,,,,,,,,,,,,,,,,,,
,24,-2211.036755,-339.2049976,-3155.868396,-3272.226841,-1275.836429,-1646.159401,-294.5155432,-4664.006254,-287.7996046,-3189.0924,-677.6948707,,,,,,,,,,,,,,,,,,,,,,,,,,,,,,,,,,,,,,,,
,25,-2154.066021,-338.4737828,-3147.994524,-3220.42097,-1249.564637,-1618.273128,-294.0587548,-4496.177426,-279.6394802,-3144.259361,-669.0300797,,,,,,,,,,,,,,,,,,,,,,,,,,,,,,,,,,,,,,,,
,26,-2096.927103,-337.9605133,-3084.827929,-3173.852981,-1229.12369,-1590.988103,-293.9396144,-4420.895325,-274.8574232,-3096.781345,-659.6974001,,,,,,,,,,,,,,,,,,,,,,,,,,,,,,,,,,,,,,,,
,27,-2063.924321,-337.4085328,-2992.273767,-3135.349919,-1202.691796,-1575.804169,-293.3191419,-4388.547116,-270.6198971,-3044.846378,-650.8052992,,,,,,,,,,,,,,,,,,,,,,,,,,,,,,,,,,,,,,,,
,28,-2021.057955,-337.0688817,-2958.360478,-3080.435297,-1184.229,-1547.655684,-293.079585,-4270.988669,-270.3562066,-3013.879187,-641.5239154,,,,,,,,,,,,,,,,,,,,,,,,,,,,,,,,,,,,,,,,
,29,-1989.694843,,-2919.268425,-3038.674194,-1167.999837,-1536.463698,,-4209.934538,-264.6688117,-2972.754512,-633.5380587,,,,,,,,,,,,,,,,,,,,,,,,,,,,,,,,,,,,,,,,
,30,-1954.522233,,-2872.79614,-3008.310091,-1151.743098,-1500.223251,,-4163.77971,-264.3395088,-2902.788104,-628.8700362,,,,,,,,,,,,,,,,,,,,,,,,,,,,,,,,,,,,,,,,
,31,-1917.184526,,-2818.836539,-2953.472634,-1138.974261,-1483.410614,,-4094.218558,-254.8221562,-2870.292446,-617.5687208,,,,,,,,,,,,,,,,,,,,,,,,,,,,,,,,,,,,,,,,
,32,-1908.588197,,-2766.168527,-2915.286185,-1126.328244,-1467.722609,,-4046.304785,-251.4968557,-2833.152867,-610.6676573,,,,,,,,,,,,,,,,,,,,,,,,,,,,,,,,,,,,,,,,
,33,-1894.297638,,-2736.433006,-2886.409883,-1118.048922,-1457.768578,,-3999.013436,-248.8851094,-2789.33055,-610.1596745,,,,,,,,,,,,,,,,,,,,,,,,,,,,,,,,,,,,,,,,
,34,-1817.004807,,-2695.101998,-2837.277425,-1107.298386,-1440.475911,,-3973.343403,,-2741.4843,-595.880668,,,,,,,,,,,,,,,,,,,,,,,,,,,,,,,,,,,,,,,,
,35,-1790.906443,,-2666.20081,-2802.505748,-1102.503206,-1430.632654,,-3923.120626,,-2728.780248,-589.5277975,,,,,,,,,,,,,,,,,,,,,,,,,,,,,,,,,,,,,,,,
,36,-1765.019881,,-2634.328831,-2771.610225,-1089.322875,-1414.623724,,-3903.010861,,-2654.407836,-578.8771398,,,,,,,,,,,,,,,,,,,,,,,,,,,,,,,,,,,,,,,,
,37,-1739.776248,,-2601.589575,-2732.977494,-1083.04902,-1405.529575,,-3835.973365,,-2630.024324,-573.1827665,,,,,,,,,,,,,,,,,,,,,,,,,,,,,,,,,,,,,,,,
,38,-1714.477033,,-2574.083755,-2701.950872,-1077.40796,-1395.910843,,-3804.231672,,-2602.187157,-566.6631689,,,,,,,,,,,,,,,,,,,,,,,,,,,,,,,,,,,,,,,,
,39,-1691.965277,,-2547.954259,-2669.8397,-1074.425443,-1386.098541,,-3774.40737,,-2569.031447,-559.0125876,,,,,,,,,,,,,,,,,,,,,,,,,,,,,,,,,,,,,,,,
,40,-1671.132217,,-2526.622532,-2652.680228,-1068.299953,-1382.574637,,-3755.67118,,-2530.815723,-551.2379877,,,,,,,,,,,,,,,,,,,,,,,,,,,,,,,,,,,,,,,,
,41,-1647.600989,,-2497.69157,-2618.136513,-1065.407444,-1377.398471,,-3721.70975,,-2497.85922,-545.3326308,,,,,,,,,,,,,,,,,,,,,,,,,,,,,,,,,,,,,,,,
,42,-1627.820908,,-2476.055932,-2607.75019,-1059.461865,-1362.319773,,-3702.130331,,-2480.472009,-540.7295421,,,,,,,,,,,,,,,,,,,,,,,,,,,,,,,,,,,,,,,,
,43,-1609.025695,,-2464.313528,-2551.098011,-1056.575577,-1357.141886,,-3669.515175,,-2441.516454,-533.2790258,,,,,,,,,,,,,,,,,,,,,,,,,,,,,,,,,,,,,,,,
,44,-1588.849733,,-2432.640771,-2524.705201,-1053.71506,-1351.884634,,-3650.728507,,-2419.267862,-527.8970035,,,,,,,,,,,,,,,,,,,,,,,,,,,,,,,,,,,,,,,,
,45,-1571.515081,,-2414.01096,-2501.26041,-1051.103309,-1346.404991,,-3630.634136,,-2396.159921,-522.644764,,,,,,,,,,,,,,,,,,,,,,,,,,,,,,,,,,,,,,,,
,46,-1553.702034,,-2407.044508,-2495.822693,-1048.830658,-1343.093103,,-3609.906742,,-2376.214684,-521.4541404,,,,,,,,,,,,,,,,,,,,,,,,,,,,,,,,,,,,,,,,
,47,-1545.642228,,-2375.433796,-2460.63124,-1046.933268,-1339.181624,,-3602.62871,,-2352.419007,-514.8790066,,,,,,,,,,,,,,,,,,,,,,,,,,,,,,,,,,,,,,,,
,48,-1527.359531,,-2358.778591,-2448.814864,-1045.519957,-1333.238553,,-3591.185466,,-2334.017868,-514.5368857,,,,,,,,,,,,,,,,,,,,,,,,,,,,,,,,,,,,,,,,
,49,-1525.834243,,-2351.565158,-2403.13051,-1043.598496,-1330.581119,,-3557.6337,,-2328.357338,-501.9490053,,,,,,,,,,,,,,,,,,,,,,,,,,,,,,,,,,,,,,,,
,50,-1490.394296,,-2324.303603,-2382.732459,-1042.297417,-1327.654181,,-3545.776147,,-2297.756626,-497.0249143,,,,,,,,,,,,,,,,,,,,,,,,,,,,,,,,,,,,,,,,
,51,-1475.967437,,-2309.551865,-2362.394591,-1041.514896,-1324.368726,,-3533.630335,,-2283.134155,-493.1481386,,,,,,,,,,,,,,,,,,,,,,,,,,,,,,,,,,,,,,,,
,52,-1465.368227,,-2299.736296,-2345.135169,-1039.932536,-1320.956676,,-3520.832902,,-2256.072984,-487.7426164,,,,,,,,,,,,,,,,,,,,,,,,,,,,,,,,,,,,,,,,
,53,-1448.539841,,-2280.062114,-2323.088884,-1039.009259,-1319.664654,,-3513.16793,,-2241.634803,-483.8135636,,,,,,,,,,,,,,,,,,,,,,,,,,,,,,,,,,,,,,,,
,54,-1437.082526,,-2267.413227,-2306.072782,-1038.461271,-1315.482341,,-3503.651921,,-2225.586934,-479.4495082,,,,,,,,,,,,,,,,,,,,,,,,,,,,,,,,,,,,,,,,
,55,-1424.976253,,-2255.942566,-2297.738043,-1037.318926,-1314.105152,,-3488.843228,,-2207.594758,-475.063102,,,,,,,,,,,,,,,,,,,,,,,,,,,,,,,,,,,,,,,,
,56,-1414.793504,,-2242.981469,-2271.704465,-1036.659277,-1312.576147,,-3482.149376,,-2193.803949,-471.0490319,,,,,,,,,,,,,,,,,,,,,,,,,,,,,,,,,,,,,,,,
,57,-1402.7377,,-2232.409114,-2256.949517,-1036.185329,-1310.836788,,-3474.707584,,-2180.72577,-467.3731205,,,,,,,,,,,,,,,,,,,,,,,,,,,,,,,,,,,,,,,,
,58,-1393.905405,,-2221.038719,-2254.729784,-1035.473735,-1308.931156,,-3466.241591,,-2180.284573,-464.9294659,,,,,,,,,,,,,,,,,,,,,,,,,,,,,,,,,,,,,,,,
,59,-1381.834589,,-2211.601601,-2225.523951,-1035.011972,-1307.253306,,-3457.321216,,-2152.12615,-460.1613235,,,,,,,,,,,,,,,,,,,,,,,,,,,,,,,,,,,,,,,,
,60,-1373.453075,,-2200.947016,-2211.909416,-1034.601746,-1306.385502,,-3454.349481,,-2139.83749,-457.0820317,,,,,,,,,,,,,,,,,,,,,,,,,,,,,,,,,,,,,,,,
,61,-1364.0957,,-2193.730414,-2210.725887,,-1305.004426,,-3442.481676,,-2135.83476,-456.7862454,,,,,,,,,,,,,,,,,,,,,,,,,,,,,,,,,,,,,,,,
,62,-1354.070078,,-2181.681047,-2182.199483,,-1304.163954,,-3438.617184,,-2113.958216,-450.626136,,,,,,,,,,,,,,,,,,,,,,,,,,,,,,,,,,,,,,,,
,63,-1350.141511,,-2173.955975,-2169.413349,,-1303.294012,,-3434.30177,,-2102.945976,-447.9012766,,,,,,,,,,,,,,,,,,,,,,,,,,,,,,,,,,,,,,,,
,64,-1345.021285,,-2165.732122,-2165.058708,,-1302.489872,,-3429.330077,,-2095.298743,-443.0456645,,,,,,,,,,,,,,,,,,,,,,,,,,,,,,,,,,,,,,,,
,65,-1327.651084,,-2158.08654,-2142.371075,,-1301.758607,,-3423.803627,,-2080.964961,-440.5070214,,,,,,,,,,,,,,,,,,,,,,,,,,,,,,,,,,,,,,,,
,66,-1321.116642,,-2150.400058,-2130.727025,,-1301.144056,,-3419.014968,,-2071.511548,-437.6314253,,,,,,,,,,,,,,,,,,,,,,,,,,,,,,,,,,,,,,,,
,67,-1314.34413,,-2143.978766,-2122.792768,,-1300.762208,,-3416.521316,,-2062.324762,-434.2988872,,,,,,,,,,,,,,,,,,,,,,,,,,,,,,,,,,,,,,,,
,68,-1307.214749,,-2140.791372,-2107.305627,,-1300.022259,,-3411.983877,,-2058.925875,-431.1283185,,,,,,,,,,,,,,,,,,,,,,,,,,,,,,,,,,,,,,,,
,69,-1304.436387,,-2131.679843,-2097.196205,,-1299.578503,,-3409.331597,,-2047.563467,-428.5675071,,,,,,,,,,,,,,,,,,,,,,,,,,,,,,,,,,,,,,,,
,70,-1299.012898,,-2126.682152,-2087.490865,,,,-3406.592331,,-2044.514976,-426.9947402,,,,,,,,,,,,,,,,,,,,,,,,,,,,,,,,,,,,,,,,
,71,-1287.377587,,-2118.797758,-2084.690118,,,,-3404.115666,,-2026.921368,-423.2505542,,,,,,,,,,,,,,,,,,,,,,,,,,,,,,,,,,,,,,,,
,72,-1282.846865,,-2114.206856,-2072.223604,,,,-3401.649773,,-2019.244739,-420.899878,,,,,,,,,,,,,,,,,,,,,,,,,,,,,,,,,,,,,,,,
,73,-1277.852091,,-2109.085879,-2069.789338,,,,-3399.642832,,-2012.244043,-418.8946378,,,,,,,,,,,,,,,,,,,,,,,,,,,,,,,,,,,,,,,,
,74,-1272.105255,,-2103.359401,-2049.387464,,,,-3398.583026,,-2008.944804,-416.1879641,,,,,,,,,,,,,,,,,,,,,,,,,,,,,,,,,,,,,,,,
,75,-1266.355121,,-2098.718739,-2040.954339,,,,-3395.896885,,-1999.405331,-414.0978373,,,,,,,,,,,,,,,,,,,,,,,,,,,,,,,,,,,,,,,,
,76,-1261.956196,,-2094.688717,-2033.525836,,,,-3394.400965,,-1994.689575,-411.9073608,,,,,,,,,,,,,,,,,,,,,,,,,,,,,,,,,,,,,,,,
,77,-1258.369503,,-2094.076722,-2031.067097,,,,-3392.284872,,-1984.420379,-410.4910712,,,,,,,,,,,,,,,,,,,,,,,,,,,,,,,,,,,,,,,,
,78,-1253.31601,,-2086.11127,-2020.020263,,,,-3391.033951,,-1978.972095,-408.1269192,,,,,,,,,,,,,,,,,,,,,,,,,,,,,,,,,,,,,,,,
,79,-1249.58065,,-2082.479521,-2015.390871,,,,-3389.651787,,-1973.127867,-407.0148413,,,,,,,,,,,,,,,,,,,,,,,,,,,,,,,,,,,,,,,,
,80,-1245.735241,,-2081.068109,-2002.828107,,,,-3388.122983,,-1967.113178,-403.6972017,,,,,,,,,,,,,,,,,,,,,,,,,,,,,,,,,,,,,,,,
,81,-1243.305523,,-2074.982174,-1996.724869,,,,-3386.788257,,-1966.580854,-401.9364051,,,,,,,,,,,,,,,,,,,,,,,,,,,,,,,,,,,,,,,,
,82,-1239.193921,,-2071.811877,-1990.322595,,,,-3385.760639,,-1963.348367,-400.1820259,,,,,,,,,,,,,,,,,,,,,,,,,,,,,,,,,,,,,,,,
,83,-1237.257908,,-2069.567754,-1984.002205,,,,-3385.323703,,-1949.990874,-398.9577901,,,,,,,,,,,,,,,,,,,,,,,,,,,,,,,,,,,,,,,,
,84,-1231.732382,,-2065.570594,-1977.925642,,,,-3383.709869,,-1945.709151,-396.8807501,,,,,,,,,,,,,,,,,,,,,,,,,,,,,,,,,,,,,,,,
,85,-1228.846093,,-2062.919102,-1972.43096,,,,-3382.863314,,-1941.346668,-395.5716292,,,,,,,,,,,,,,,,,,,,,,,,,,,,,,,,,,,,,,,,
,86,-1225.981121,,-2060.355393,-1967.775481,,,,-3382.334995,,-1936.72163,-393.4184945,,,,,,,,,,,,,,,,,,,,,,,,,,,,,,,,,,,,,,,,
,87,-1223.892841,,-2059.40555,-1961.56033,,,,-3381.22308,,-1934.602843,-392.0676765,,,,,,,,,,,,,,,,,,,,,,,,,,,,,,,,,,,,,,,,
,88,-1220.661647,,-2056.302424,-1956.733754,,,,-3380.546413,,-1930.815036,-390.5599819,,,,,,,,,,,,,,,,,,,,,,,,,,,,,,,,,,,,,,,,
,89,-1218.548864,,-2055.515786,-1953.032762,,,,-3379.964473,,-1923.809747,-388.9239668,,,,,,,,,,,,,,,,,,,,,,,,,,,,,,,,,,,,,,,,
,90,-1215.389516,,-2050.729812,-1947.000566,,,,-3379.279809,,-1920.900683,-388.2476824,,,,,,,,,,,,,,,,,,,,,,,,,,,,,,,,,,,,,,,,
,91,-1213.356496,,-2048.69,-1942.678143,,,,-3378.75211,,-1917.626097,-387.2928982,,,,,,,,,,,,,,,,,,,,,,,,,,,,,,,,,,,,,,,,
,92,-1211.091054,,-2046.862879,-1939.190534,,,,-3378.2056,,-1913.797331,-384.4368229,,,,,,,,,,,,,,,,,,,,,,,,,,,,,,,,,,,,,,,,
,93,-1208.624019,,-2046.092186,-1933.984284,,,,-3377.799221,,-1909.681617,-383.3206541,,,,,,,,,,,,,,,,,,,,,,,,,,,,,,,,,,,,,,,,
,94,-1207.286454,,-2043.573173,-1930.126464,,,,-3377.28941,,-1909.029214,-382.1245324,,,,,,,,,,,,,,,,,,,,,,,,,,,,,,,,,,,,,,,,
,95,-1205.791042,,-2042.41697,-1926.531852,,,,-3376.991336,,-1902.126374,-380.8011321,,,,,,,,,,,,,,,,,,,,,,,,,,,,,,,,,,,,,,,,
,96,-1202.200373,,-2039.688917,-1922.505512,,,,-3376.401546,,-1900.031634,-379.9235049,,,,,,,,,,,,,,,,,,,,,,,,,,,,,,,,,,,,,,,,
,97,-1200.677099,,-2038.312043,-1919.123019,,,,-3376.064277,,-1897.65949,-378.8680849,,,,,,,,,,,,,,,,,,,,,,,,,,,,,,,,,,,,,,,,
,98,-1199.026118,,-2036.862361,-1915.529074,,,,-3375.722418,,-1894.846724,-377.2052576,,,,,,,,,,,,,,,,,,,,,,,,,,,,,,,,,,,,,,,,
,99,-1197.186468,,-2035.413528,-1913.05485,,,,-3375.436975,,-1891.615558,-376.3784452,,,,,,,,,,,,,,,,,,,,,,,,,,,,,,,,,,,,,,,,
,100,-1195.749453,,-2034.107151,-1909.458694,,,,-3375.109783,,-1888.825075,-375.4236734,,,,,,,,,,,,,,,,,,,,,,,,,,,,,,,,,,,,,,,,
,101,-1194.341957,,-2032.904595,-1907.770098,,,,-3374.867391,,-1887.317543,-374.2885063,,,,,,,,,,,,,,,,,,,,,,,,,,,,,,,,,,,,,,,,
,102,-1194.014191,,-2031.846046,-1902.613474,,,,,,-1884.105759,-373.021956,,,,,,,,,,,,,,,,,,,,,,,,,,,,,,,,,,,,,,,,
,103,-1191.353264,,-2030.573132,-1899.877908,,,,,,-1882.2616,-372.4731305,,,,,,,,,,,,,,,,,,,,,,,,,,,,,,,,,,,,,,,,
,104,-1190.084087,,-2029.553574,-1897.232996,,,,,,-1880.327278,-370.7561809,,,,,,,,,,,,,,,,,,,,,,,,,,,,,,,,,,,,,,,,
,105,-1189.328374,,-2028.724415,-1895.738847,,,,,,-1878.570641,-370.1161447,,,,,,,,,,,,,,,,,,,,,,,,,,,,,,,,,,,,,,,,
,106,-1187.52839,,-2027.54387,-1892.444537,,,,,,-1876.655976,-369.3736339,,,,,,,,,,,,,,,,,,,,,,,,,,,,,,,,,,,,,,,,
,107,-1186.440448,,-2026.664454,-1890.733112,,,,,,-1875.091279,-368.4812651,,,,,,,,,,,,,,,,,,,,,,,,,,,,,,,,,,,,,,,,
,108,-1185.455398,,-2025.917596,-1886.986438,,,,,,-1874.317187,-367.4344051,,,,,,,,,,,,,,,,,,,,,,,,,,,,,,,,,,,,,,,,
,109,,,-2024.934789,-1884.937806,,,,,,-1872.017973,-366.4323074,,,,,,,,,,,,,,,,,,,,,,,,,,,,,,,,,,,,,,,,
,110,,,-2024.178562,-1882.752853,,,,,,-1870.732942,-365.8679211,,,,,,,,,,,,,,,,,,,,,,,,,,,,,,,,,,,,,,,,
,111,,,-2023.454049,-1880.582298,,,,,,-1868.804535,-364.9495224,,,,,,,,,,,,,,,,,,,,,,,,,,,,,,,,,,,,,,,,
,112,,,,-1878.5425,,,,,,-1867.645818,-364.3398766,,,,,,,,,,,,,,,,,,,,,,,,,,,,,,,,,,,,,,,,
,113,,,,-1876.684468,,,,,,-1866.33282,-363.6718443,,,,,,,,,,,,,,,,,,,,,,,,,,,,,,,,,,,,,,,,
,114,,,,-1875.163957,,,,,,-1864.832398,-363.0085404,,,,,,,,,,,,,,,,,,,,,,,,,,,,,,,,,,,,,,,,
,115,,,,-1873.017715,,,,,,-1863.471732,-362.3819456,,,,,,,,,,,,,,,,,,,,,,,,,,,,,,,,,,,,,,,,
,116,,,,-1871.399505,,,,,,-1862.379009,-361.8143163,,,,,,,,,,,,,,,,,,,,,,,,,,,,,,,,,,,,,,,,
,117,,,,-1870.30594,,,,,,-1861.885728,-361.4195904,,,,,,,,,,,,,,,,,,,,,,,,,,,,,,,,,,,,,,,,
,118,,,,-1868.115375,,,,,,-1860.097413,-360.6892387,,,,,,,,,,,,,,,,,,,,,,,,,,,,,,,,,,,,,,,,
,119,,,,-1866.663756,,,,,,-1859.106261,-360.2009506,,,,,,,,,,,,,,,,,,,,,,,,,,,,,,,,,,,,,,,,
,120,,,,-1865.687714,,,,,,-1858.444837,-360.0597617,,,,,,,,,,,,,,,,,,,,,,,,,,,,,,,,,,,,,,,,
,121,,,,-1863.697506,,,,,,-1857.099435,-359.178985,,,,,,,,,,,,,,,,,,,,,,,,,,,,,,,,,,,,,,,,
,122,,,,-1862.387028,,,,,,-1856.227947,-358.7346581,,,,,,,,,,,,,,,,,,,,,,,,,,,,,,,,,,,,,,,,
,123,,,,-1861.334281,,,,,,-1855.436832,,,,,,,,,,,,,,,,,,,,,,,,,,,,,,,,,,,,,,,,,
,124,,,,-1859.756333,,,,,,-1854.523061,,,,,,,,,,,,,,,,,,,,,,,,,,,,,,,,,,,,,,,,,
,125,,,,-1858.59619,,,,,,-1853.776022,,,,,,,,,,,,,,,,,,,,,,,,,,,,,,,,,,,,,,,,,
,126,,,,-1857.465838,,,,,,-1852.969678,,,,,,,,,,,,,,,,,,,,,,,,,,,,,,,,,,,,,,,,,
,127,,,,-1857.192414,,,,,,-1852.310495,,,,,,,,,,,,,,,,,,,,,,,,,,,,,,,,,,,,,,,,,
,128,,,,-1855.824388,,,,,,-1851.534071,,,,,,,,,,,,,,,,,,,,,,,,,,,,,,,,,,,,,,,,,
,129,,,,,,,,,,-1851.020643,,,,,,,,,,,,,,,,,,,,,,,,,,,,,,,,,,,,,,,,,
,130,,,,,,,,,,-1850.109898,,,,,,,,,,,,,,,,,,,,,,,,,,,,,,,,,,,,,,,,,
,131,,,,,,,,,,-1849.533164,,,,,,,,,,,,,,,,,,,,,,,,,,,,,,,,,,,,,,,,,
,132,,,,,,,,,,-1848.919061,,,,,,,,,,,,,,,,,,,,,,,,,,,,,,,,,,,,,,,,,
,133,,,,,,,,,,-1848.356094,,,,,,,,,,,,,,,,,,,,,,,,,,,,,,,,,,,,,,,,,
,134,,,,,,,,,,-1847.76025,,,,,,,,,,,,,,,,,,,,,,,,,,,,,,,,,,,,,,,,,
,135,,,,,,,,,,-1847.270689,,,,,,,,,,,,,,,,,,,,,,,,,,,,,,,,,,,,,,,,,
,136,,,,,,,,,,-1847.058207,,,,,,,,,,,,,,,,,,,,,,,,,,,,,,,,,,,,,,,,,
,137,,,,,,,,,,-1846.319064,,,,,,,,,,,,,,,,,,,,,,,,,,,,,,,,,,,,,,,,,
,138,,,,,,,,,,-1845.931488,,,,,,,,,,,,,,,,,,,,,,,,,,,,,,,,,,,,,,,,,
,139,,,,,,,,,,-1845.272898,,,,,,,,,,,,,,,,,,,,,,,,,,,,,,,,,,,,,,,,,
,140,,,,,,,,,,-1844.900302,,,,,,,,,,,,,,,,,,,,,,,,,,,,,,,,,,,,,,,,,
,141,,,,,,,,,,-1844.483881,,,,,,,,,,,,,,,,,,,,,,,,,,,,,,,,,,,,,,,,,
,142,,,,,,,,,,-1844.016197,,,,,,,,,,,,,,,,,,,,,,,,,,,,,,,,,,,,,,,,,
,143,,,,,,,,,,-1843.649878,,,,,,,,,,,,,,,,,,,,,,,,,,,,,,,,,,,,,,,,,
,144,,,,,,,,,,-1843.313254,,,,,,,,,,,,,,,,,,,,,,,,,,,,,,,,,,,,,,,,,
,145,,,,,,,,,,,,,,,,,,,,,,,,,,,,,,,,,,,,,,,,,,,,,,,,,,,
