0,0,0,0
0.41932,0.38303,0.5135,0.53904
0.40939,0.37454,0.49803,0.5234
0.39945,0.36406,0.48034,0.50802
0.39011,0.35449,0.46784,0.49619
0.38165,0.3465,0.45071,0.48279
0.37079,0.3367,0.43958,0.47038
0.36507,0.3322,0.43217,0.45926
0.358,0.32545,0.42148,0.44965
0.35396,0.32195,0.41347,0.4411
0.34775,0.31555,0.40063,0.42998
0.34237,0.31061,0.39136,0.42021
0.33788,0.30714,0.37737,0.40463
0.33466,0.3075,0.37001,0.39546
0.33283,0.30496,0.36429,0.38664
0.3268,0.29919,0.3596,0.38015
0.32183,0.29414,0.33852,0.36401
0.31577,0.28643,0.31535,0.34417
0.31136,0.28429,0.30595,0.32923
0.30759,0.27931,0.30595,0.32701
0.30561,0.27812,0.30389,0.32408
0.29847,0.27173,0.30027,0.32046
0.29565,0.26876,0.2986,0.31913
0.28829,0.26247,0.29517,0.31551
0.28169,0.25593,0.2906,0.31166
0.27574,0.24847,0.28778,0.30865
0.26864,0.24253,0.28563,0.30573
0.26368,0.23599,0.27547,0.29637
0.25743,0.23009,0.26425,0.28489
0.25249,0.22584,0.25475,0.27528
0.24587,0.21829,0.24866,0.26952
0.2435,0.21433,0.2465,0.26724
0.23935,0.21242,0.24424,0.2651
0.23512,0.20992,0.24172,0.26198
0.22976,0.20234,0.24138,0.26076
0.2225,0.19712,0.23824,0.25708
0.21622,0.18871,0.23592,0.25443
0.21223,0.18572,0.23886,0.25615
0.20797,0.18181,0.23121,0.24987
0.20311,0.17717,0.22319,0.24137
0.19721,0.16965,0.21826,0.23586
0.18966,0.16187,0.21441,0.23227
0.18123,0.15639,0.22275,0.23873
0.17312,0.14649,0.22953,0.24502
0.16604,0.1392,0.22915,0.2451
0.1587,0.13261,0.22618,0.24088
0.15262,0.12825,0.22355,0.23847
0.14707,0.12222,0.22105,0.23551
0.14184,0.11761,0.21835,0.23298
0.13675,0.11202,0.21544,0.22982
0.1319,0.10894,0.21319,0.22784
0.12616,0.10136,0.21105,0.2247
0.12001,0.096987,0.20738,0.22078
0.11366,0.089251,0.20325,0.2164
0.10751,0.084085,0.20045,0.21361
0.10147,0.077513,0.19773,0.20957
0.097327,0.073253,0.19462,0.20628
0.091897,0.068345,0.19167,0.20428
0.089329,0.065981,0.1895,0.20089
0.084655,0.062485,0.18719,0.19761
0.081286,0.058447,0.18458,0.19531
0.075987,0.05428,0.1819,0.19196
0.072326,0.05114,0.17939,0.18904
0.068541,0.047321,0.17618,0.18571
0.064061,0.042633,0.17322,0.18267
0.06101,0.039016,0.17121,0.1797
0.056089,0.035436,0.16895,0.17689
0.053478,0.033997,0.16614,0.17388
0.049565,0.029155,0.16367,0.1712
0.046927,0.02703,0.16093,0.16905
0.041225,0.021007,0.15866,0.16582
0.037322,0.018386,0.15632,0.16352
0.031406,0.012466,0.15285,0.16033
0.027138,0.0094327,0.1503,0.15688
0.021808,0.0037528,0.14824,0.15439
0.020186,0,0.14584,0.151
0.019826,0.00080578,0.14396,0.14863
0.020418,0.0028324,0.14169,0.14729
0.035031,0.039889,0.13914,0.14576
0.042355,0.039205,0.13779,0.14449
0.031666,0.017558,0.13685,0.14351
0.02485,0.011144,0.13681,0.14374
0.024242,0.011464,0.13748,0.14432
0.023633,0.010329,0.137,0.14422
0.027138,0.013026,0.13453,0.14198
0.031451,0.018956,0.13185,0.14022
0.043977,0.031821,0.13071,0.14115
0.05955,0.049429,0.12691,0.14269
0.074552,0.063613,0.12548,0.14356
0.095344,0.10449,0.12846,0.14987
0.14762,0.15578,0.13163,0.15487
0.15347,0.14496,0.13717,0.1634
0.16564,0.14702,0.15036,0.17546
0.18829,0.16318,0.16753,0.19527
0.20577,0.18059,0.17972,0.2081
0.21709,0.18748,0.18847,0.21926
0.21731,0.18811,0.19658,0.23074
0.21642,0.19196,0.20515,0.24472
0.22565,0.20223,0.21167,0.2567
0.2422,0.21562,0.22061,0.26841
0.2579,0.23332,0.23048,0.28361
0.2736,0.24688,0.24106,0.29481
0.28493,0.26266,0.24916,0.30404
0.30128,0.27198,0.25795,0.31613
0.30761,0.28056,0.25841,0.31891
0.31128,0.28349,0.25564,0.31712
0.31915,0.2918,0.26138,0.3252
0.33028,0.30383,0.27852,0.34015
0.33969,0.31181,0.28565,0.35007
0.3476,0.31955,0.29061,0.35974
0.35778,0.32916,0.30732,0.37072
0.36309,0.33374,0.31318,0.3798
0.36181,0.33401,0.31966,0.38715
0.36382,0.33656,0.32583,0.39295
0.36395,0.33778,0.336,0.40227
0.36924,0.34314,0.34341,0.41212
0.38039,0.34985,0.34869,0.42033
0.3848,0.35323,0.35852,0.42154
0.39469,0.36017,0.36766,0.42967
0.39713,0.36071,0.37445,0.43565
0.40438,0.36975,0.38096,0.4436
0.40743,0.37045,0.38891,0.44596
0.39608,0.35585,0.3956,0.44459
0.38325,0.33989,0.39042,0.44026
0.38163,0.34348,0.38594,0.44042
0.39933,0.36435,0.39584,0.45442
0.39559,0.3575,0.40743,0.4543
0.38541,0.34242,0.40434,0.45037
0.37361,0.33004,0.39947,0.44383
0.36221,0.32059,0.39496,0.44064
0.35191,0.31166,0.38788,0.43276
0.34191,0.30494,0.392,0.43558
0.32839,0.29306,0.38937,0.43132
0.31915,0.28463,0.38217,0.42352
0.31042,0.27521,0.37539,0.41879
0.30238,0.2666,0.36736,0.40744
0.2941,0.26093,0.36382,0.40083
0.28684,0.25477,0.35503,0.39372
0.28326,0.25067,0.34699,0.38455
0.27833,0.24507,0.34625,0.3825
0.272,0.24053,0.34097,0.37672
0.2663,0.23481,0.33766,0.37157
0.26201,0.23213,0.33139,0.36593
0.25539,0.22371,0.32643,0.35946
0.24981,0.22066,0.32423,0.35433
0.24177,0.21341,0.32246,0.35157
0.23454,0.206,0.31982,0.34751
0.22585,0.19697,0.31657,0.34269
0.21991,0.19375,0.31461,0.34035
0.21625,0.18831,0.30869,0.33539
0.21311,0.18731,0.3044,0.32983
0.20868,0.18364,0.30292,0.32763
0.20422,0.17786,0.29778,0.32394
0.20078,0.1744,0.29566,0.32098
0.19679,0.17254,0.2937,0.31697
0.19682,0.17239,0.28833,0.31345
0.19383,0.17,0.28721,0.31077
0.19085,0.16462,0.28347,0.3077
0.18686,0.16036,0.27998,0.30398
0.18467,0.15763,0.27792,0.30169
0.18023,0.15396,0.27372,0.29849
0.17709,0.15283,0.2707,0.29458
0.17212,0.1474,0.26866,0.29277
0.17212,0.14757,0.26738,0.29029
0.17031,0.14561,0.26641,0.28902
0.17077,0.14668,0.26595,0.28879
0.16859,0.14532,0.26412,0.28702
0.16792,0.14486,0.26109,0.28391
0.16431,0.14123,0.25708,0.28089
0.16208,0.1396,0.25372,0.27736
0.15886,0.13625,0.24869,0.27377
0.15888,0.13684,0.24712,0.2714
0.15713,0.13427,0.24355,0.26971
0.156,0.13408,0.23994,0.26717
0.15212,0.12822,0.23698,0.26455
0.14987,0.12649,0.23427,0.26207
0.14572,0.12094,0.23178,0.25965
0.14288,0.12021,0.22956,0.25722
0.13941,0.11554,0.22761,0.25451
0.13791,0.11418,0.22555,0.25309
0.13462,0.11104,0.22687,0.25766
0.1328,0.10923,0.22769,0.2605
0.13085,0.10804,0.22725,0.26091
0.12908,0.10552,0.22494,0.25699
0.12433,0.10169,0.22202,0.2529
0.12199,0.09949,0.21921,0.2489
0.11906,0.096056,0.2165,0.24514
0.11701,0.092738,0.21434,0.24148
0.11327,0.090345,0.21216,0.2382
0.10986,0.087405,0.21052,0.23597
0.10659,0.0849,0.20808,0.23321
0.10282,0.082246,0.20572,0.23072
0.09976,0.07832,0.20378,0.2279
0.096812,0.074594,0.20061,0.22471
0.092776,0.071715,0.19823,0.22196
0.089979,0.069664,0.19605,0.21966
0.087534,0.066843,0.19369,0.21691
0.08426,0.062558,0.19165,0.21412
0.081925,0.062851,0.19045,0.21228
0.078749,0.058793,0.18877,0.21063
0.078582,0.062445,0.18714,0.20879
0.098859,0.10094,0.18595,0.20678
0.099886,0.088822,0.1839,0.20466
0.086152,0.069561,0.18264,0.20357
0.078166,0.061188,0.18081,0.20214
0.071283,0.054047,0.17938,0.20011
0.066354,0.048554,0.1775,0.19784
0.062165,0.044538,0.17547,0.1947
0.057946,0.040162,0.17331,0.19238
0.058134,0.052229,0.17061,0.18992
0.075699,0.074484,0.16891,0.18711
0.065106,0.048384,0.16662,0.18437
0.05147,0.033898,0.16298,0.18095
0.04529,0.028935,0.16039,0.17828
0.039729,0.023822,0.15747,0.17479
0.036407,0.022415,0.15551,0.17191
0.033524,0.019832,0.15354,0.16944
0.032415,0.018386,0.15179,0.16743
0.047402,0.051781,0.14961,0.16541
0.049168,0.040289,0.14787,0.1637
0.034893,0.024732,0.14659,0.16165
0.030054,0.018147,0.14357,0.15909
0.024709,0.011436,0.14159,0.15757
0.028405,0.03089,0.14765,0.16171
0.31782,0.32781,0.34497,0.34834
0.41893,0.37689,0.42285,0.43267
0.44435,0.41671,0.42381,0.45395
0.4638,0.43282,0.41615,0.4648
0.47719,0.4366,0.39851,0.45698
0.48078,0.43825,0.3968,0.45152
0.48835,0.44683,0.39479,0.45046
0.50466,0.46176,0.4052,0.45913
0.52381,0.48616,0.41512,0.47356
0.53554,0.48931,0.42551,0.49966
0.54258,0.48944,0.42999,0.5075
0.54683,0.48983,0.43931,0.51428
0.55678,0.49927,0.44497,0.5258
0.56987,0.52085,0.46134,0.54
0.58392,0.52885,0.47081,0.55436
0.59953,0.5403,0.49833,0.57229
0.61752,0.55384,0.55259,0.59939
0.6325,0.57482,0.5889,0.63201
0.64832,0.59423,0.61443,0.66187
0.66254,0.60906,0.61281,0.66692
0.64805,0.61092,0.58166,0.66357
0.62701,0.60218,0.5689,0.65985
0.62872,0.6042,0.56873,0.66127
0.63601,0.60294,0.57248,0.65705
0.64696,0.61905,0.57679,0.65804
0.67011,0.64442,0.58972,0.67592
0.68525,0.66721,0.60429,0.68801
0.70382,0.68029,0.61287,0.69844
0.72116,0.70191,0.62204,0.7125
0.74387,0.7268,0.6385,0.73506
0.77321,0.75278,0.65386,0.75486
0.79628,0.77954,0.6705,0.77417
0.80962,0.78669,0.67525,0.77353
0.82076,0.79944,0.68759,0.78162
0.8265,0.80098,0.69061,0.79961
0.60448,0.65809,0.58776,0.68104
0.62334,0.62826,0.59736,0.65222
0.8599,0.84337,0.76055,0.83855
0.95804,0.9088,0.83727,0.9337
0.95757,0.91838,0.85145,0.95774
0.97129,0.94035,0.86415,0.97127
0.95502,0.91317,0.84065,0.95718
0.97607,0.92635,0.86639,0.9761
0.96653,0.93017,0.87533,0.98339
0.97487,0.93298,0.88694,0.98736
0.9692,0.93526,0.87326,0.97708
0.95677,0.90804,0.72146,0.88945
0.9507,0.89487,0.69592,0.86533
0.92877,0.8768,0.68252,0.84734
0.93853,0.87843,0.68368,0.84577
0.92952,0.87852,0.67802,0.83441
0.9201,0.86347,0.67404,0.81941
0.93962,0.87699,0.67469,0.82026
0.93217,0.86805,0.67587,0.81728
0.92757,0.87297,0.66821,0.80905
0.9278,0.91186,0.66233,0.80991
0.89744,0.88309,0.65495,0.79689
0.9096,0.87274,0.65646,0.7923
0.90736,0.85713,0.65334,0.78929
0.89387,0.82097,0.65015,0.786
0.90744,0.83506,0.66143,0.79281
0.92809,0.85554,0.66436,0.79859
0.9289,0.85439,0.66498,0.80128
0.92641,0.85339,0.66847,0.79891
0.92442,0.84472,0.65329,0.79508
0.89234,0.8036,0.63318,0.77317
0.59874,0.5798,0.55409,0.62905
0.49269,0.45834,0.4994,0.55809
0.4703,0.46462,0.48456,0.53812
0.45358,0.42517,0.51038,0.55677
0.44359,0.40408,0.51165,0.56155
0.438,0.39598,0.49039,0.54403
0.4242,0.38302,0.46108,0.51322
0.41628,0.37476,0.43307,0.47639
0.41008,0.36938,0.4137,0.44861
0.39856,0.35432,0.39748,0.42329
0.38291,0.34258,0.39348,0.41715
0.37429,0.3363,0.39543,0.42717
0.36693,0.3279,0.38039,0.40473
0.35242,0.32081,0.34937,0.3724
0.34353,0.3135,0.33495,0.35923
0.33498,0.30693,0.32983,0.35399
0.32749,0.30019,0.32395,0.348
0.32033,0.30844,0.30503,0.32694
0.31397,0.30708,0.30032,0.32095
0.30923,0.28645,0.29806,0.32335
0.30712,0.30443,0.29132,0.31342
0.30104,0.28742,0.27852,0.30174
0.29425,0.29135,0.25628,0.2806
0.28129,0.25766,0.24002,0.26168
0.26685,0.24404,0.21828,0.24097
0.25395,0.23106,0.20207,0.21958
0.24355,0.2231,0.19232,0.21068
0.23849,0.21704,0.19017,0.20781
0.23199,0.21047,0.18573,0.20598
0.22857,0.21164,0.19178,0.20824
0.22558,0.20901,0.19384,0.20828
0.22094,0.2065,0.17961,0.2001
0.21279,0.19506,0.16646,0.18051
0.20554,0.18877,0.16436,0.17619
0.1971,0.18126,0.1505,0.16161
0.18845,0.17228,0.14024,0.15006
0.17977,0.1646,0.14024,0.14291
0.17199,0.15899,0.1311,0.13911
0.16336,0.16996,0.11579,0.12939
0.15271,0.14957,0.099697,0.12121
0.14474,0.13068,0.10187,0.12121
0.13609,0.12535,0.09956,0.11861
0.13168,0.11964,0.09956,0.11584
0.1213,0.11167,0.10002,0.121
0.11852,0.10939,0.10113,0.11967
0.11018,0.10231,0.098874,0.10904
0.10514,0.095595,0.098112,0.10405
0.099219,0.090288,0.09956,0.11114
0.095777,0.088009,0.09476,0.10714
0.091235,0.082098,0.085332,0.097427
0.085206,0.07826,0.078647,0.090906
0.079784,0.07318,0.078647,0.084577
0.074411,0.067652,0.06939,0.075947
0.06885,0.061267,0.06939,0.074566
0.066236,0.064946,0.064419,0.074029
0.058847,0.056742,0.058831,0.069042
0.055873,0.052742,0.061985,0.070577
0.063353,0.087781,0.066419,0.074476
0.077887,0.11366,0.063425,0.071823
0.060585,0.076487,0.054686,0.064695
0.047582,0.047102,0.046934,0.055234
0.037381,0.034487,0.038437,0.045645
0.028237,0.03018,0.035106,0.039453
0.043136,0.078996,0.036478,0.041425
0.041139,0.081252,0.030078,0.038101
0.024512,0.03586,0.020022,0.025644
0.014548,0.032862,0.020022,0.021288
0.0091019,0.025993,0.012205,0.017184
0.027265,0.05428,0.014308,0.015901
0.019213,0.059262,0.015831,0.018551
0.013543,0.02725,0.014732,0.0179
0.0078582,0.014365,0.011108,0.013261
0.0038976,0.012609,0.0081081,0.00895
0,0.0086438,0.0047654,0.005306
0.0044643,0.032936,0.0033696,0.0030686
0.016077,0.044025,0.001937,0.0023653
0.006939,0.022579,0,0
0.01532,0.023948,0.016104,0.013723
0.29013,0.25347,0.27569,0.23379
0.33372,0.29771,0.40657,0.36392
0.37945,0.33368,0.44631,0.41133
0.42689,0.38028,0.4775,0.44592
0.46248,0.41373,0.50399,0.48291
0.49502,0.45108,0.53047,0.50571
0.51929,0.48757,0.54574,0.53239
0.55527,0.51001,0.59201,0.57046
0.59523,0.54891,0.62286,0.59726
0.63356,0.58568,0.65633,0.63542
0.66362,0.61679,0.68981,0.66441
0.65802,0.62636,0.71221,0.68454
0.68136,0.64701,0.73524,0.7096
0.69093,0.65236,0.74114,0.72537
0.70101,0.66365,0.69107,0.7126
0.72506,0.69012,0.63565,0.70048
0.75462,0.72208,0.6257,0.70662
0.77609,0.73891,0.63013,0.71853
0.73313,0.70088,0.61616,0.6951
0.69077,0.6587,0.58488,0.66434
0.65258,0.61692,0.56249,0.63693
0.60263,0.59709,0.53153,0.60463
0.56224,0.57209,0.53393,0.59722
0.53926,0.51819,0.53899,0.59743
0.51277,0.50193,0.51813,0.58805
0.50073,0.49569,0.50781,0.584
0.49456,0.49161,0.50502,0.58149
0.52134,0.50133,0.52256,0.59607
0.5422,0.51697,0.54855,0.62109
0.53591,0.51383,0.54868,0.62758
0.55065,0.52786,0.56129,0.64097
0.56981,0.5441,0.57904,0.64509
0.56398,0.54007,0.57074,0.64073
0.57026,0.55145,0.57966,0.642
0.59678,0.57105,0.59705,0.6584
0.59086,0.56443,0.59522,0.66017
0.57796,0.55544,0.59105,0.65557
0.59067,0.56539,0.60204,0.66696
0.60422,0.57652,0.61874,0.68326
0.59189,0.56504,0.61237,0.68828
0.59139,0.56375,0.61381,0.69215
0.6136,0.58204,0.62556,0.70155
0.61525,0.58518,0.62087,0.70236
0.60244,0.57466,0.60379,0.68862
0.60394,0.57059,0.5934,0.67853
0.61889,0.57308,0.59907,0.68098
0.603,0.56053,0.5942,0.67694
0.58576,0.54965,0.58888,0.67115
0.60141,0.55724,0.59515,0.67907
0.61929,0.56842,0.60442,0.68627
0.60886,0.5659,0.60415,0.6841
0.601,0.56367,0.59873,0.67892
0.60856,0.57708,0.60122,0.68544
0.61929,0.58619,0.60991,0.68784
0.60577,0.56874,0.60679,0.68727
0.58639,0.54727,0.59955,0.6771
0.57711,0.5396,0.59226,0.66671
0.59452,0.56286,0.59569,0.66994
0.54954,0.53475,0.58593,0.65539
0.47299,0.45894,0.56018,0.63059
0.44924,0.43719,0.5458,0.60882
0.43737,0.41539,0.5505,0.60248
0.4258,0.40282,0.56559,0.5999
0.39961,0.38306,0.56742,0.59518
0.38148,0.36797,0.56386,0.58781
0.37835,0.3492,0.56205,0.57904
0.36299,0.32713,0.5505,0.56898
0.33987,0.30648,0.53812,0.56001
0.37642,0.33545,0.53554,0.56155
0.39036,0.34476,0.52596,0.55417
0.39616,0.35374,0.50653,0.5478
0.39298,0.35303,0.49176,0.54134
0.38722,0.34714,0.49149,0.53943
0.37673,0.33839,0.48468,0.53567
0.37027,0.33147,0.47443,0.51109
0.36714,0.33037,0.47137,0.49516
0.36037,0.32671,0.47179,0.48798
0.35434,0.32463,0.47162,0.48918
0.35096,0.3239,0.45577,0.47288
0.3515,0.322,0.43958,0.4531
0.34839,0.31995,0.42914,0.44075
0.34178,0.31411,0.41874,0.42806
0.33643,0.31139,0.41428,0.42193
0.33064,0.30788,0.40625,0.41549
0.32592,0.30368,0.39783,0.40415
0.31825,0.29772,0.39783,0.39635
0.31262,0.29338,0.3848,0.38594
0.30794,0.28636,0.37246,0.37701
0.30283,0.28047,0.36672,0.36961
0.29804,0.27663,0.35855,0.36215
0.29171,0.26724,0.35,0.35334
0.28612,0.26496,0.34428,0.34549
0.27864,0.26106,0.33786,0.34047
0.2754,0.2574,0.33288,0.33503
0.26929,0.2499,0.32652,0.32702
0.26582,0.24779,0.31687,0.31823
0.25911,0.24025,0.31197,0.31146
0.25656,0.23898,0.30503,0.30417
0.25227,0.23614,0.29995,0.29976
0.25197,0.23652,0.30176,0.30038
0.24966,0.23087,0.29822,0.29695
0.24605,0.22871,0.29369,0.2936
0.24434,0.22724,0.29388,0.29333
0.23917,0.22449,0.29527,0.29784
0.23587,0.21952,0.29298,0.29592
0.22836,0.21368,0.29075,0.29222
0.22469,0.21132,0.28629,0.28711
0.22054,0.20688,0.28393,0.28246
0.22295,0.21324,0.27852,0.27854
0.21986,0.21656,0.27194,0.2768
0.21542,0.20394,0.26549,0.27272
0.20825,0.19754,0.25277,0.25546
0.20111,0.18743,0.24226,0.24556
0.19134,0.17858,0.23385,0.23839
0.18366,0.16924,0.22763,0.23219
0.17389,0.15958,0.21829,0.22324
0.16726,0.15338,0.20434,0.20958
0.15944,0.14618,0.19843,0.20261
0.15194,0.13927,0.18671,0.19294
0.14445,0.13132,0.18355,0.1873
0.13779,0.12515,0.18609,0.18705
0.13244,0.12073,0.18587,0.18636
0.12833,0.11619,0.18887,0.18948
0.12225,0.10915,0.17807,0.18244
0.11787,0.10386,0.17204,0.17368
0.11139,0.097926,0.1677,0.16851
0.10485,0.095513,0.15548,0.16061
0.099129,0.088696,0.1551,0.15607
0.093992,0.084598,0.14502,0.14923
0.087017,0.078327,0.13639,0.13752
0.082136,0.078057,0.13499,0.13399
0.07851,0.08749,0.13802,0.13746
0.075956,0.068557,0.15141,0.14755
0.07815,0.071394,0.16191,0.15963
0.07983,0.073732,0.15087,0.15068
0.082409,0.07775,0.15613,0.15464
0.083845,0.080486,0.17727,0.168
0.086761,0.084918,0.18616,0.18062
0.093362,0.086393,0.20064,0.19204
0.091756,0.089722,0.20572,0.19952
0.092225,0.10436,0.20896,0.20336
0.094263,0.092465,0.21193,0.20636
0.095688,0.095879,0.21673,0.2102
0.11481,0.11512,0.22593,0.21863
0.4251,0.44896,0.45748,0.43532
0.53162,0.53658,0.59867,0.54045
0.5938,0.58199,0.63637,0.6067
0.64081,0.62223,0.67546,0.63874
0.69219,0.67031,0.71329,0.68039
0.72818,0.71018,0.7401,0.71516
0.7594,0.73867,0.76348,0.74308
0.76589,0.75784,0.79017,0.77711
0.79599,0.80412,0.81225,0.80335
0.85311,0.8485,0.84471,0.83649
0.89006,0.87504,0.87803,0.87507
0.91527,0.89978,0.85685,0.88398
0.91379,0.89237,0.73685,0.84016
0.92582,0.90184,0.69465,0.81296
0.92857,0.90497,0.6582,0.79394
0.94221,0.92936,0.66198,0.79284
0.94138,0.93734,0.67084,0.79691
0.93443,0.93599,0.6769,0.8067
0.94459,0.95148,0.68451,0.81874
0.94131,0.94426,0.6878,0.83196
0.92118,0.93286,0.70569,0.86081
0.92343,0.93095,0.73769,0.87343
0.9346,0.94029,0.8309,0.94196
0.94,0.93688,0.84831,0.96992
0.86031,0.85025,0.80443,0.94029
0.7032,0.73647,0.74426,0.88374
0.63983,0.65148,0.70114,0.87262
0.57557,0.58693,0.66119,0.84189
0.55657,0.57753,0.62113,0.82406
0.54351,0.56093,0.55867,0.71152
0.53041,0.55056,0.52526,0.64736
0.52147,0.54193,0.51051,0.62315
0.49679,0.49216,0.50517,0.61615
0.49626,0.48689,0.52445,0.62816
0.64722,0.62771,0.59008,0.69133
0.74689,0.74088,0.63438,0.75388
0.81313,0.80196,0.65755,0.7922
0.83893,0.83605,0.65593,0.80032
0.84788,0.84423,0.65931,0.8025
0.84379,0.83921,0.65107,0.79147
0.83091,0.82321,0.64261,0.78599
0.83665,0.84021,0.64577,0.79086
0.86669,0.87138,0.65417,0.80505
0.90186,0.90605,0.65785,0.81984
0.92424,0.92536,0.65811,0.82384
0.94495,0.94351,0.65701,0.82851
0.96342,0.9763,0.66099,0.83444
0.97586,0.97593,0.66415,0.84043
0.98156,0.97906,0.66704,0.83919
1,1,0.69372,0.84029
0.96881,0.97398,0.68552,0.84699
0.97687,0.97766,0.69158,0.86085
0.98709,0.98789,0.70528,0.87865
0.96155,0.95938,0.71107,0.87949
0.86816,0.86023,0.69918,0.8485
0.75825,0.7353,0.67582,0.7895
0.69246,0.67709,0.64727,0.74942
0.66921,0.65055,0.63665,0.73333
0.6754,0.65671,0.63329,0.72555
0.71923,0.69863,0.64063,0.73447
0.77123,0.75695,0.65313,0.75817
0.8178,0.81113,0.66499,0.78248
0.84999,0.84268,0.66587,0.79788
0.88229,0.87911,0.67172,0.8117
0.90573,0.90876,0.6736,0.82189
0.90262,0.91167,0.66306,0.81799
0.69228,0.65954,0.61124,0.70026
0.58338,0.56141,0.60116,0.67684
0.56711,0.53646,0.59387,0.66434
0.5517,0.52544,0.58691,0.64851
0.54121,0.51109,0.58014,0.63826
0.52827,0.50063,0.57169,0.62575
0.51673,0.49343,0.56285,0.61211
0.51169,0.48311,0.55323,0.60127
0.50516,0.46982,0.53479,0.58061
0.49973,0.45878,0.52399,0.56698
0.48175,0.45518,0.51273,0.55378
0.47354,0.44558,0.50845,0.54682
0.47029,0.44414,0.49896,0.53863
0.48325,0.43779,0.49147,0.52722
0.46825,0.43431,0.47986,0.51422
0.46598,0.43509,0.47435,0.50649
0.46897,0.43554,0.46883,0.50033
0.46573,0.43219,0.45723,0.48982
0.46248,0.42802,0.44394,0.48057
0.46356,0.42385,0.43417,0.46742
0.46233,0.41876,0.41971,0.45393
0.44897,0.41257,0.40288,0.43531
0.44221,0.40408,0.39851,0.43067
0.44269,0.3997,0.38994,0.42254
0.43299,0.39396,0.37959,0.41007
0.4263,0.39037,0.37402,0.4041
0.42081,0.38683,0.37294,0.40381
0.41615,0.38092,0.36431,0.39502
0.40976,0.37448,0.35631,0.38338
0.40445,0.36929,0.34572,0.37255
0.3952,0.3639,0.33657,0.36268
0.39003,0.3563,0.31562,0.34275
0.38423,0.3509,0.29883,0.32834
0.37363,0.34238,0.29069,0.31253
0.36545,0.33034,0.28101,0.3014
0.35567,0.3222,0.27105,0.29238
0.34586,0.31206,0.26337,0.28377
0.33334,0.29963,0.24904,0.26883
0.32217,0.29176,0.23528,0.25901
0.31262,0.28221,0.22524,0.25014
0.30514,0.27238,0.21791,0.24207
0.29486,0.26514,0.21741,0.23496
0.28287,0.25151,0.20523,0.22717
0.26675,0.2407,0.19344,0.21633
0.25422,0.22811,0.18026,0.20902
0.23905,0.21437,0.17224,0.20068
0.22766,0.20432,0.16554,0.19232
0.21634,0.19556,0.15901,0.18369
0.20883,0.18804,0.15541,0.17821
0.20078,0.18006,0.15332,0.17609
0.19402,0.17329,0.15896,0.17452
0.18721,0.16798,0.15318,0.17046
0.18045,0.16062,0.15342,0.1677
0.17406,0.15645,0.15005,0.16423
0.16866,0.15107,0.14824,0.16104
0.16309,0.1453,0.14606,0.15761
0.15771,0.13977,0.14247,0.15311
0.15239,0.13405,0.13908,0.14829
0.14563,0.12954,0.13453,0.14228
0.13923,0.12248,0.12613,0.13555
0.13187,0.1157,0.1167,0.12411
0.12595,0.1112,0.11816,0.12126
0.1187,0.10486,0.11499,0.12121
0.11297,0.10007,0.10636,0.12121
0.10742,0.09369,0.099622,0.1199
0.10145,0.089548,0.09956,0.11803
0.096426,0.085318,0.091846,0.10614
0.092308,0.081526,0.083484,0.096605
0.092641,0.082321,0.096303,0.098523
0.094371,0.084232,0.09956,0.10321
0.093181,0.085104,0.09956,0.10017
0.091379,0.086777,0.09796,0.095892
0.088565,0.088817,0.088726,0.08918
0.082831,0.079676,0.07515,0.080845
0.081411,0.078803,0.075659,0.081163
0.080853,0.081585,0.076932,0.080209
0.080745,0.082241,0.077847,0.080727
0.1094,0.10653,0.096474,0.086961
0.39265,0.38647,0.38937,0.31485
0.45955,0.45829,0.49492,0.45453
0.50662,0.50153,0.53668,0.5081
0.53386,0.51936,0.56459,0.54686
0.56972,0.55121,0.58735,0.57478
0.59766,0.56756,0.61424,0.60441
0.62491,0.59281,0.63771,0.63408
0.64711,0.62294,0.67111,0.66345
0.63575,0.61146,0.69141,0.68111
0.64443,0.62864,0.71773,0.705
0.67187,0.65197,0.73381,0.72622
0.70916,0.69016,0.76952,0.75007
0.73562,0.72195,0.8074,0.78811
0.73455,0.72218,0.72894,0.7654
0.76103,0.7323,0.6513,0.72188
0.75414,0.72707,0.60247,0.687
0.76179,0.73537,0.59024,0.67883
0.76479,0.73256,0.59204,0.67222
0.76257,0.73204,0.5889,0.6724
0.78745,0.75767,0.61102,0.69946
0.7882,0.77086,0.6185,0.704
0.77907,0.76491,0.61663,0.69835
0.78339,0.77617,0.6094,0.6981
0.79628,0.79496,0.61724,0.70645
0.80356,0.79113,0.61889,0.71255
0.80972,0.80305,0.62487,0.71821
0.8105,0.81103,0.63329,0.72405
0.81833,0.81615,0.63541,0.72774
0.82991,0.82784,0.64299,0.74278
0.83584,0.83501,0.6481,0.75597
0.82638,0.82335,0.658,0.76574
0.83866,0.84204,0.66508,0.77701
0.84731,0.85756,0.66942,0.79
0.85352,0.8555,0.67354,0.79575
0.85307,0.86017,0.67821,0.80199
0.81859,0.8121,0.67151,0.79024
0.72202,0.72018,0.62538,0.74901
0.6576,0.649,0.58943,0.70689
0.61304,0.61744,0.5644,0.66999
0.60225,0.60203,0.55578,0.66204
0.59814,0.5932,0.55247,0.65693
0.58833,0.58645,0.5449,0.64922
0.58144,0.57315,0.53271,0.63831
0.56666,0.56099,0.54485,0.6407
0.55837,0.54609,0.54936,0.64919
0.54719,0.53377,0.55326,0.65769
0.5407,0.51958,0.55834,0.65416
0.55234,0.50838,0.55012,0.64104
0.54546,0.52374,0.53751,0.62351
0.53061,0.53406,0.53254,0.61225
0.51358,0.52353,0.53332,0.60474
0.51424,0.53143,0.5238,0.59984
0.54339,0.56647,0.51721,0.59257
0.53832,0.57522,0.50979,0.58303
0.52547,0.55958,0.50285,0.57305
0.53378,0.5362,0.4987,0.56711
0.52334,0.49156,0.49681,0.56308
0.44209,0.46125,0.48756,0.55292
0.4242,0.45637,0.47867,0.54301
0.40942,0.45343,0.46612,0.53269
0.39846,0.44176,0.45624,0.52158
0.39101,0.43276,0.44887,0.51192
0.38006,0.42258,0.44323,0.50213
0.3704,0.41198,0.43632,0.4925
0.35885,0.37931,0.4279,0.48264
0.33794,0.32902,0.41921,0.46995
0.38873,0.34164,0.44891,0.46949
0.42711,0.36996,0.49215,0.50217
0.43815,0.37561,0.47634,0.49289
0.42961,0.3764,0.45457,0.53068
0.4546,0.36842,0.48319,0.57297
0.41723,0.36731,0.49579,0.60573
0.43193,0.36252,0.49809,0.61363
0.41306,0.35384,0.49848,0.61525
0.40376,0.35244,0.50079,0.61678
0.39724,0.34575,0.4461,0.51513
0.39446,0.34065,0.41216,0.45026
0.38787,0.33579,0.41232,0.44215
0.38275,0.33292,0.40183,0.42755
0.37986,0.32831,0.38617,0.40936
0.37259,0.32041,0.37451,0.39806
0.36809,0.31593,0.36793,0.38894
0.36222,0.30816,0.36526,0.38427
0.35737,0.30309,0.36423,0.3821
0.35552,0.30454,0.3656,0.38475
0.35283,0.30226,0.36766,0.38873
0.35002,0.29779,0.36911,0.39158
0.34708,0.29612,0.36971,0.39234
0.34326,0.29329,0.3691,0.39147
0.33905,0.29007,0.36965,0.39118
0.33542,0.28554,0.36543,0.38834
0.3324,0.2833,0.35869,0.38099
0.32911,0.27792,0.35792,0.37973
0.32586,0.27716,0.35314,0.37667
0.32217,0.27362,0.35282,0.37465
0.31927,0.26936,0.35071,0.37213
0.31519,0.26648,0.34626,0.36772
0.31217,0.26612,0.34514,0.36765
0.30903,0.26455,0.34583,0.36746
0.30546,0.25862,0.3381,0.35806
0.2985,0.25195,0.32774,0.34713
0.2953,0.24813,0.32146,0.34087
0.29184,0.24423,0.32052,0.339
0.28928,0.24067,0.32061,0.33997
0.28702,0.24213,0.31966,0.3392
0.28423,0.23752,0.31897,0.33995
0.2784,0.23097,0.32672,0.34537
0.27403,0.22558,0.32815,0.347
0.27013,0.22159,0.33269,0.3481
0.26495,0.21797,0.32899,0.34624
0.25954,0.21027,0.32577,0.34318
0.25521,0.20507,0.31703,0.33746
0.25134,0.20424,0.30878,0.33075
0.2462,0.19959,0.30008,0.3199
0.242,0.19491,0.30158,0.31959
0.2382,0.19191,0.30307,0.32066
0.23539,0.1873,0.30492,0.32158
0.23147,0.18323,0.29853,0.31657
0.22606,0.17959,0.2908,0.30706
0.22119,0.17458,0.28058,0.29765
0.21646,0.16784,0.26932,0.28492
0.2097,0.16225,0.25758,0.26986
0.20213,0.15722,0.24938,0.26127
0.1961,0.15126,0.23928,0.25246
0.1929,0.14644,0.22901,0.24382
0.1878,0.1404,0.21612,0.2337
0.18153,0.13581,0.20726,0.22338
0.17645,0.12914,0.21756,0.22566
0.17205,0.12556,0.22599,0.23244
0.16888,0.12339,0.22504,0.23474
0.16491,0.11896,0.22135,0.2312
0.16122,0.1162,0.22287,0.23279
0.15825,0.11427,0.22355,0.23541
0.15634,0.11168,0.22127,0.23447
0.15518,0.11133,0.2243,0.23244
0.15611,0.11126,0.2387,0.24646
0.15505,0.11222,0.24915,0.25705
0.15572,0.11277,0.2445,0.25795
0.15563,0.11376,0.23363,0.24947
0.1559,0.11294,0.22799,0.24107
0.15464,0.11101,0.24296,0.25047
0.15505,0.1126,0.25541,0.26142
0.15671,0.11556,0.25822,0.26702
0.1801,0.13678,0.28116,0.27324
0.46813,0.4839,0.54876,0.48056
0.6274,0.59689,0.65881,0.60197
0.67128,0.62746,0.70508,0.66607
0.7081,0.66565,0.75155,0.70707
0.73283,0.71422,0.78244,0.74489
0.73416,0.73543,0.79529,0.76277
0.75802,0.76037,0.82012,0.78269
0.78691,0.79216,0.83643,0.80895
0.81917,0.82877,0.76432,0.8114
0.84768,0.84363,0.68764,0.77132
0.84807,0.83691,0.6425,0.74807
0.85839,0.8561,0.63315,0.74647
0.85648,0.86098,0.62605,0.7492
0.85582,0.86459,0.63563,0.75632
0.85197,0.87046,0.64344,0.76277
0.85107,0.87052,0.64619,0.77183
0.86693,0.8871,0.6513,0.78524
0.87883,0.90271,0.66339,0.80008
0.8758,0.89369,0.66844,0.81615
0.84563,0.85363,0.6724,0.81339
0.69142,0.70711,0.62004,0.74857
0.59809,0.585,0.57225,0.67425
0.5517,0.54205,0.53866,0.64088
0.53277,0.5275,0.52786,0.62882
0.53339,0.52888,0.55416,0.66741
0.54184,0.53714,0.57179,0.69081
0.53386,0.53094,0.57165,0.68378
0.52499,0.518,0.53736,0.64619
0.51841,0.50943,0.53263,0.6412
0.51516,0.50592,0.53898,0.64999
0.51449,0.50968,0.52571,0.64022
0.51507,0.51392,0.52416,0.63651
0.5225,0.51665,0.52331,0.63644
0.53061,0.52973,0.52613,0.6415
0.53121,0.51815,0.51947,0.63758
0.52825,0.50682,0.51833,0.6302
0.53318,0.50997,0.51882,0.63543
0.53386,0.52161,0.50899,0.62888
0.53746,0.51492,0.50712,0.61917
0.54287,0.52002,0.51022,0.62375
0.55039,0.51808,0.51096,0.62719
0.55548,0.52365,0.52304,0.63956
0.54374,0.52622,0.55923,0.66323
0.54623,0.52352,0.57629,0.6714
0.54314,0.5211,0.57481,0.6773
0.5337,0.51478,0.56201,0.6838
0.52529,0.50565,0.56689,0.68991
0.52283,0.51585,0.57782,0.69878
0.51344,0.5103,0.5824,0.69234
0.52005,0.51196,0.5844,0.69448
0.52566,0.51237,0.58654,0.69742
0.53029,0.51333,0.59388,0.6979
0.52593,0.50949,0.58723,0.69435
0.52318,0.50658,0.56098,0.67053
0.52013,0.50455,0.5659,0.66148
0.50697,0.48939,0.55629,0.65081
0.50898,0.47868,0.54749,0.64509
0.5303,0.46574,0.5521,0.63289
0.51691,0.45706,0.54744,0.62581
0.48396,0.45026,0.54641,0.62034
0.48533,0.45742,0.54537,0.61776
0.49266,0.46027,0.54208,0.61709
0.48779,0.45732,0.53596,0.61095
0.47578,0.44629,0.53009,0.60318
0.48136,0.43343,0.52036,0.5937
0.4602,0.41873,0.51142,0.58061
0.48887,0.41157,0.55471,0.595
0.4787,0.41729,0.5753,0.61578
0.47157,0.41943,0.57356,0.61434
0.4632,0.41168,0.56863,0.61337
0.45908,0.40921,0.56633,0.61141
0.45692,0.40548,0.55995,0.60604
0.4508,0.39769,0.5543,0.60016
0.4432,0.39036,0.54852,0.5919
0.43572,0.38586,0.54353,0.58456
0.43004,0.38124,0.5365,0.57638
0.42535,0.3753,0.53161,0.57109
0.41991,0.36957,0.52696,0.56545
0.41706,0.36644,0.52256,0.56072
0.41334,0.3629,0.51738,0.55726
0.4069,0.3566,0.51241,0.55429
0.40337,0.35123,0.50621,0.54918
0.39787,0.34587,0.49887,0.5405
0.38985,0.33779,0.49115,0.53278
0.38336,0.3306,0.48448,0.52412
0.37551,0.32419,0.47971,0.51737
0.37191,0.31933,0.47805,0.51385
0.36763,0.31646,0.47412,0.5093
0.36299,0.31209,0.47085,0.50357
0.35885,0.30759,0.46315,0.49845
0.3538,0.30416,0.45861,0.49365
0.34742,0.29941,0.45241,0.48778
0.34437,0.29331,0.4526,0.48579
0.34209,0.29399,0.45104,0.48239
0.33899,0.29067,0.44931,0.4793
0.33974,0.28898,0.44659,0.47754
0.33726,0.28766,0.44394,0.47448
0.33571,0.28586,0.44129,0.47437
0.33067,0.27721,0.43706,0.47385
0.32561,0.27304,0.43303,0.4706
0.31866,0.26795,0.42825,0.46453
0.31294,0.26485,0.42463,0.45752
0.30856,0.25984,0.41805,0.45164
0.3027,0.25369,0.41325,0.44586
0.29829,0.24939,0.40664,0.44022
0.29162,0.24306,0.39961,0.43464
0.28621,0.2382,0.39457,0.42897
0.27988,0.2314,0.388,0.42405
0.27401,0.22721,0.38354,0.41957
0.27058,0.22168,0.37811,0.41502
0.26826,0.21882,0.37333,0.40912
0.26404,0.21587,0.36985,0.40477
0.26142,0.21293,0.36692,0.40193
0.25738,0.20924,0.3645,0.3993
0.25252,0.20476,0.36173,0.39634
0.24985,0.20236,0.35854,0.39231
0.24593,0.19983,0.35581,0.39009
0.24357,0.19723,0.35379,0.38785
0.24147,0.1947,0.35114,0.38572
0.23985,0.19346,0.34749,0.38127
0.23809,0.19141,0.34229,0.37723
0.23647,0.19034,0.3393,0.37401
0.23539,0.18978,0.33499,0.36928
0.23394,0.18751,0.33421,0.36727
0.23106,0.18409,0.33399,0.36599
0.22735,0.18182,0.33263,0.36488
0.22525,0.18002,0.33091,0.36275
0.22259,0.17738,0.32907,0.36097
0.22049,0.17478,0.32395,0.35716
0.21787,0.17294,0.32075,0.35327
0.21561,0.17024,0.31972,0.35184
0.2116,0.16799,0.31837,0.34982
0.20881,0.16568,0.31539,0.34654
0.20619,0.16261,0.31162,0.34262
0.20367,0.15912,0.30994,0.34043
0.201,0.15535,0.30853,0.33844
0.19402,0.1499,0.30625,0.33519
0.18943,0.14477,0.30327,0.33231
0.1851,0.1403,0.29932,0.32814
0.18078,0.13564,0.29615,0.32422
0.17711,0.13273,0.29329,0.32111
0.17442,0.12989,0.29185,0.31905
0.17158,0.12815,0.28881,0.31683
0.17098,0.12812,0.2877,0.31552
0.17288,0.13074,0.28781,0.31634
0.17604,0.13587,0.28769,0.31773
0.18827,0.14793,0.28835,0.31886
0.19705,0.15774,0.29061,0.32194
0.21069,0.17376,0.29456,0.32428
0.22686,0.192,0.29818,0.33064
0.24634,0.21725,0.30655,0.33882
0.27203,0.24085,0.31265,0.34598
0.29318,0.26458,0.31848,0.35281
0.32118,0.28673,0.32275,0.35873
0.34785,0.31015,0.32362,0.36319
0.37651,0.33585,0.33214,0.37027
0.40495,0.36239,0.34354,0.38204
0.41641,0.37024,0.35273,0.38961
0.4295,0.38781,0.35912,0.39836
0.45563,0.41277,0.36897,0.40806
0.48627,0.43901,0.37833,0.41801
0.50596,0.46438,0.38771,0.42722
0.53372,0.49172,0.395,0.43615
0.56027,0.51726,0.40905,0.44775
0.58338,0.54128,0.42311,0.46137
0.60439,0.56109,0.43462,0.47195
0.62253,0.5816,0.44445,0.48323
0.64164,0.59844,0.45261,0.4922
0.66146,0.61657,0.4555,0.49798
0.6816,0.63724,0.46671,0.50791
0.69742,0.65493,0.47531,0.51971
0.70948,0.66481,0.47702,0.52094
0.73019,0.68612,0.49119,0.53096
0.74527,0.69905,0.49862,0.54165
0.75757,0.71017,0.50393,0.5485
0.76823,0.71548,0.50106,0.54703
0.77771,0.72526,0.52003,0.56119
0.78447,0.73127,0.52017,0.56336
0.79383,0.73815,0.52346,0.56551
0.80518,0.74945,0.5425,0.58393
0.8161,0.75912,0.56691,0.60546
0.82031,0.76145,0.5694,0.62437
0.8271,0.77199,0.5845,0.62019
0.83752,0.77985,0.60566,0.64005
0.84685,0.78401,0.62631,0.65815
0.84039,0.77656,0.63961,0.66715
0.83449,0.77349,0.65183,0.67834
0.83647,0.77546,0.65701,0.6864
0.84227,0.77856,0.66493,0.69049
0.84157,0.78199,0.67964,0.70624
0.83881,0.783,0.69568,0.71795
0.84468,0.78402,0.72181,0.7352
0.84656,0.78586,0.73367,0.75068
0.84221,0.78455,0.75095,0.76379
0.83833,0.77788,0.75483,0.76982
0.83323,0.77534,0.75787,0.77453
0.82746,0.76885,0.77443,0.78356
0.81178,0.74984,0.77788,0.78826
0.79523,0.73683,0.75465,0.77716
0.78533,0.7293,0.76441,0.78078
0.77526,0.72026,0.77158,0.78945
0.76972,0.715,0.78293,0.79873
0.76373,0.70813,0.78832,0.80298
0.75466,0.69969,0.79277,0.81138
0.74624,0.69256,0.80359,0.82166
0.73651,0.6781,0.80013,0.82143
0.72005,0.66475,0.7901,0.81515
0.70201,0.64677,0.77922,0.8033
0.68417,0.62769,0.76209,0.79032
0.66459,0.61326,0.73895,0.77448
0.64752,0.5919,0.70803,0.74702
0.63244,0.57939,0.67837,0.71663
0.62121,0.56498,0.67316,0.70389
0.60677,0.5505,0.67011,0.6965
0.59472,0.53849,0.65964,0.68697
0.58272,0.52968,0.63524,0.66871
0.57519,0.51842,0.6057,0.63889
0.56738,0.50774,0.59094,0.61959
0.55811,0.49915,0.58463,0.61026
0.54994,0.49234,0.57702,0.60965
0.54318,0.48632,0.57526,0.61036
0.53629,0.47955,0.56805,0.60374
0.52866,0.47152,0.56395,0.59351
0.52237,0.46521,0.5509,0.57859
0.51432,0.457,0.54837,0.57338
0.50996,0.45315,0.54785,0.57152
0.50531,0.44928,0.54495,0.56941
0.49879,0.43992,0.53969,0.563
0.49132,0.43595,0.53216,0.55493
0.486,0.43172,0.52793,0.54974
0.48159,0.42585,0.52163,0.54285
0.47568,0.41866,0.51755,0.53863
0.47005,0.41389,0.51653,0.53524
0.46526,0.4097,0.51102,0.53086
0.4601,0.40604,0.51378,0.53094
0.45567,0.40117,0.50485,0.52668
0.44788,0.39384,0.49154,0.51582
0.44055,0.38538,0.47543,0.49979
0.43383,0.37586,0.46007,0.48476
0.42582,0.36842,0.44826,0.47242
0.41793,0.36075,0.4511,0.47092
0.083217,0.35664,0.44731,0.46821
0.40671,0.3519,0.44377,0.46276
0.40203,0.34659,0.43468,0.45592
0.3958,0.34225,0.43113,0.45198
0.39111,0.33556,0.4279,0.44792
0.38489,0.33151,0.428,0.44679
0.3804,0.32752,0.42777,0.44617
0.3757,0.324,0.42997,0.44813
0.37211,0.32107,0.43108,0.45239
0.36667,0.31752,0.43448,0.45154
0.36221,0.31377,0.43593,0.45321
0.35691,0.30796,0.43417,0.45151
0.35258,0.30455,0.4248,0.44513
0.34872,0.29984,0.42463,0.44358
0.34177,0.29409,0.43064,0.44601
0.33682,0.28721,0.43205,0.44861
0.33117,0.27939,0.42788,0.4469
0.32854,0.27548,0.42543,0.44508
0.32568,0.27118,0.42434,0.44371
0.32163,0.26721,0.42105,0.44187
0.31793,0.26599,0.4192,0.43934
0.31356,0.26352,0.41794,0.43903
0.31,0.26008,0.40768,0.43283
0.30752,0.2558,0.40674,0.42442
0.30478,0.25329,0.3981,0.41763
0.30103,0.24984,0.3933,0.4117
0.29562,0.24636,0.397,0.41325
0.2927,0.24151,0.39828,0.41405
0.28977,0.23913,0.40278,0.41594
0.2859,0.23572,0.39724,0.4132
0.28225,0.23221,0.39802,0.41176
0.27951,0.22932,0.39543,0.40901
0.27522,0.22557,0.39457,0.40754
0.27324,0.22407,0.39028,0.40409
0.27191,0.22108,0.38838,0.40282
0.26963,0.21965,0.38536,0.39978
0.26508,0.21539,0.38302,0.39731
0.26283,0.21368,0.38121,0.39431
0.26069,0.2108,0.37886,0.39184
0.25553,0.20582,0.37606,0.39024
0.25323,0.20425,0.36717,0.38493
0.24929,0.19959,0.36499,0.38134
0.24642,0.19771,0.36,0.37692
0.24206,0.19239,0.35676,0.37059
0.24025,0.19101,0.36101,0.37301
0.23909,0.19089,0.36055,0.37256
0.23733,0.1898,0.35484,0.37076
0.23995,0.19258,0.34054,0.35955
0.24228,0.19903,0.33989,0.35737
0.25215,0.21005,0.34415,0.36017
0.26675,0.22452,0.34532,0.36257
0.28811,0.24896,0.34107,0.36281
0.30985,0.26873,0.33447,0.36026
0.33098,0.28821,0.33637,0.36115
0.35434,0.31163,0.33737,0.36179
0.38078,0.33386,0.34074,0.36348
0.40733,0.35887,0.34328,0.36636
0.43143,0.38194,0.348,0.37091
0.45599,0.40582,0.3512,0.37673
0.48075,0.43026,0.35682,0.38335
0.5029,0.45275,0.36502,0.39086
0.52996,0.47642,0.37011,0.39779
0.54954,0.49652,0.37575,0.40515
0.56942,0.51798,0.38366,0.41464
0.59614,0.5374,0.3908,0.42554
0.6164,0.55977,0.3984,0.43621
0.63298,0.57987,0.40948,0.44763
0.65804,0.60292,0.42274,0.45837
0.68201,0.62408,0.43564,0.4712
0.70192,0.64831,0.45062,0.48756
0.72465,0.6666,0.46274,0.49964
0.74662,0.68472,0.47241,0.50757
0.76176,0.70137,0.48251,0.51968
0.78123,0.7175,0.49096,0.5273
0.79664,0.7283,0.50031,0.53677
0.81023,0.74388,0.50851,0.54461
0.82119,0.75383,0.51664,0.55541
0.83387,0.76646,0.52703,0.56621
0.85125,0.78168,0.5441,0.58371
0.86606,0.80169,0.55944,0.59832
0.88547,0.81725,0.57664,0.62044
0.90055,0.8312,0.59214,0.638
0.91643,0.84656,0.60845,0.65437
0.92621,0.85631,0.62433,0.66952
0.93641,0.86761,0.64787,0.68855
0.95092,0.87631,0.67189,0.70779
0.95282,0.88391,0.69578,0.72495
0.96441,0.8943,0.72029,0.74278
0.97569,0.90305,0.75361,0.76135
0.98408,0.91072,0.77593,0.78171
0.98832,0.91172,0.79677,0.79853
0.98384,0.91071,0.80891,0.81651
0.98218,0.90475,0.82528,0.83098
0.97785,0.90326,0.84551,0.85606
0.97507,0.90178,0.85974,0.86654
0.97243,0.90054,0.87824,0.8855
0.96885,0.89853,0.8916,0.90038
0.96271,0.89271,0.8996,0.91219
0.95858,0.88999,0.91128,0.92338
0.95279,0.88699,0.92619,0.94046
0.95236,0.88388,0.93931,0.95314
0.95236,0.87785,0.9473,0.96158
0.95205,0.87625,0.96777,0.97344
0.94621,0.87505,0.98236,0.98465
0.93655,0.86545,1,0.99616
0.92506,0.85487,0.99889,1
0.91353,0.842,0.99421,0.99898
0.90061,0.82829,0.98703,0.99774
0.88667,0.81472,0.97779,0.99261
0.87294,0.80057,0.96673,0.98829
0.85703,0.78158,0.94746,0.97299
0.83881,0.7646,0.92505,0.95906
0.82336,0.74914,0.90962,0.94565
0.80745,0.73592,0.88778,0.92471
0.79375,0.72139,0.86026,0.90565
0.79094,0.70423,0.84199,0.88758
0.79169,0.68902,0.82445,0.86968
0.74675,0.67644,0.80896,0.85319
0.73293,0.66267,0.80021,0.8407
0.7189,0.65084,0.7858,0.82869
0.70549,0.64025,0.77198,0.81862
0.70155,0.62836,0.76363,0.80829
0.68561,0.61926,0.75662,0.79919
0.67676,0.61104,0.74485,0.79038
0.67011,0.60089,0.73444,0.78095
0.65683,0.5925,0.72721,0.76982
0.64721,0.58427,0.71996,0.76046
0.64015,0.57685,0.70918,0.74864
0.63285,0.57113,0.70355,0.74141
0.62692,0.56406,0.69699,0.73268
0.62045,0.55849,0.68964,0.72481
0.61327,0.55248,0.68287,0.7179
0.60796,0.54735,0.67705,0.7108
0.6028,0.5409,0.67306,0.70577
0.59683,0.53566,0.66983,0.70217
0.59135,0.53124,0.66581,0.69753
0.58713,0.52781,0.65975,0.69249
0.58399,0.52522,0.65701,0.68843
0.58093,0.52157,0.65358,0.68652
0.57819,0.51845,0.65253,0.68373
0.57468,0.51617,0.64766,0.68153
0.57176,0.51389,0.64147,0.67442
0.56954,0.51152,0.63061,0.66396
0.5655,0.50718,0.62667,0.65734
0.56035,0.50241,0.61824,0.64778
0.5561,0.49821,0.62106,0.64736
0.55217,0.49151,0.61819,0.64534
0.54713,0.48781,0.61764,0.64605
0.54088,0.48153,0.61608,0.64504
0.53681,0.47706,0.61298,0.64286
0.5311,0.471,0.60874,0.63815
0.5312,0.46779,0.60387,0.63309
0.53163,0.46361,0.59972,0.62996
0.52973,0.45916,0.59561,0.62476
0.51378,0.45618,0.59318,0.62286
0.50999,0.45126,0.59021,0.61879
0.50744,0.44558,0.58424,0.61552
0.50141,0.44052,0.57795,0.61351
0.49643,0.43592,0.57483,0.61071
0.49118,0.42992,0.57526,0.60697
